<?xml version="1.0" encoding="UTF-8" ?>
<gpx version="1.1" xmlns:xsi="http://www.w3.org/2001/XMLSchema-instance"
    xmlns="http://www.topografix.com/GPX/1/1"
    xsi:schemaLocation="http://www.topografix.com/GPX/1/1 http://www.topografix.com/GPX/1/1/gpx.xsd"
    creator="Openrunner - https://www.openrunner.com" >	<trk>
	                   <name>UCH ROUTE 91KM Août 2026-24067597</name>
						<trkseg>
					<trkpt lat="50.693210" lon="2.915740">
						<ele>18</ele>
						<time>2026-07-24T20:14:49Z</time>
					</trkpt>
					<trkpt lat="50.693080" lon="2.915540">
						<ele>19</ele>
						<time>2026-07-24T20:14:52Z</time>
					</trkpt>
					<trkpt lat="50.692990" lon="2.915630">
						<ele>18</ele>
						<time>2026-07-24T20:14:54Z</time>
					</trkpt>
					<trkpt lat="50.692740" lon="2.916000">
						<ele>17</ele>
						<time>2026-07-24T20:15:00Z</time>
					</trkpt>
					<trkpt lat="50.692360" lon="2.915500">
						<ele>18</ele>
						<time>2026-07-24T20:15:09Z</time>
					</trkpt>
					<trkpt lat="50.692180" lon="2.915750">
						<ele>18</ele>
						<time>2026-07-24T20:15:13Z</time>
					</trkpt>
					<trkpt lat="50.692080" lon="2.915730">
						<ele>18</ele>
						<time>2026-07-24T20:15:15Z</time>
					</trkpt>
					<trkpt lat="50.691830" lon="2.915440">
						<ele>18</ele>
						<time>2026-07-24T20:15:21Z</time>
					</trkpt>
					<trkpt lat="50.691500" lon="2.914850">
						<ele>19</ele>
						<time>2026-07-24T20:15:29Z</time>
					</trkpt>
					<trkpt lat="50.691660" lon="2.914520">
						<ele>18</ele>
						<time>2026-07-24T20:15:34Z</time>
					</trkpt>
					<trkpt lat="50.692160" lon="2.913730">
						<ele>18</ele>
						<time>2026-07-24T20:15:47Z</time>
					</trkpt>
					<trkpt lat="50.692230" lon="2.913680">
						<ele>18</ele>
						<time>2026-07-24T20:15:48Z</time>
					</trkpt>
					<trkpt lat="50.692500" lon="2.913570">
						<ele>18</ele>
						<time>2026-07-24T20:15:53Z</time>
					</trkpt>
					<trkpt lat="50.693050" lon="2.912590">
						<ele>18</ele>
						<time>2026-07-24T20:16:08Z</time>
					</trkpt>
					<trkpt lat="50.693070" lon="2.912500">
						<ele>18</ele>
						<time>2026-07-24T20:16:09Z</time>
					</trkpt>
					<trkpt lat="50.693810" lon="2.912310">
						<ele>18</ele>
						<time>2026-07-24T20:16:22Z</time>
					</trkpt>
					<trkpt lat="50.693930" lon="2.912310">
						<ele>18</ele>
						<time>2026-07-24T20:16:24Z</time>
					</trkpt>
					<trkpt lat="50.694240" lon="2.912420">
						<ele>18</ele>
						<time>2026-07-24T20:16:30Z</time>
					</trkpt>
					<trkpt lat="50.694650" lon="2.911600">
						<ele>17</ele>
						<time>2026-07-24T20:16:42Z</time>
					</trkpt>
					<trkpt lat="50.694710" lon="2.911340">
						<ele>16</ele>
						<time>2026-07-24T20:16:45Z</time>
					</trkpt>
					<trkpt lat="50.694800" lon="2.910630">
						<ele>14</ele>
						<time>2026-07-24T20:16:53Z</time>
					</trkpt>
					<trkpt lat="50.694850" lon="2.910420">
						<ele>14</ele>
						<time>2026-07-24T20:16:56Z</time>
					</trkpt>
					<trkpt lat="50.694920" lon="2.910260">
						<ele>14</ele>
						<time>2026-07-24T20:16:58Z</time>
					</trkpt>
					<trkpt lat="50.696030" lon="2.908560">
						<ele>12</ele>
						<time>2026-07-24T20:17:25Z</time>
					</trkpt>
					<trkpt lat="50.697190" lon="2.906870">
						<ele>13</ele>
						<time>2026-07-24T20:17:53Z</time>
					</trkpt>
					<trkpt lat="50.698580" lon="2.904760">
						<ele>13</ele>
						<time>2026-07-24T20:18:28Z</time>
					</trkpt>
					<trkpt lat="50.699560" lon="2.903320">
						<ele>13</ele>
						<time>2026-07-24T20:18:52Z</time>
					</trkpt>
					<trkpt lat="50.705390" lon="2.898040">
						<ele>16</ele>
						<time>2026-07-24T20:20:51Z</time>
					</trkpt>
					<trkpt lat="50.705690" lon="2.897710">
						<ele>17</ele>
						<time>2026-07-24T20:20:58Z</time>
					</trkpt>
					<trkpt lat="50.707030" lon="2.895990">
						<ele>17</ele>
						<time>2026-07-24T20:21:28Z</time>
					</trkpt>
					<trkpt lat="50.708460" lon="2.894240">
						<ele>17</ele>
						<time>2026-07-24T20:22:01Z</time>
					</trkpt>
					<trkpt lat="50.708540" lon="2.893850">
						<ele>18</ele>
						<time>2026-07-24T20:22:05Z</time>
					</trkpt>
					<trkpt lat="50.708630" lon="2.893800">
						<ele>18</ele>
						<time>2026-07-24T20:22:07Z</time>
					</trkpt>
					<trkpt lat="50.708730" lon="2.893810">
						<ele>18</ele>
						<time>2026-07-24T20:22:09Z</time>
					</trkpt>
					<trkpt lat="50.708800" lon="2.893760">
						<ele>18</ele>
						<time>2026-07-24T20:22:10Z</time>
					</trkpt>
					<trkpt lat="50.709040" lon="2.893540">
						<ele>18</ele>
						<time>2026-07-24T20:22:15Z</time>
					</trkpt>
					<trkpt lat="50.709600" lon="2.893150">
						<ele>18</ele>
						<time>2026-07-24T20:22:26Z</time>
					</trkpt>
					<trkpt lat="50.712350" lon="2.891050">
						<ele>19</ele>
						<time>2026-07-24T20:23:20Z</time>
					</trkpt>
					<trkpt lat="50.713340" lon="2.890360">
						<ele>21</ele>
						<time>2026-07-24T20:23:39Z</time>
					</trkpt>
					<trkpt lat="50.714780" lon="2.889250">
						<ele>18</ele>
						<time>2026-07-24T20:24:08Z</time>
					</trkpt>
					<trkpt lat="50.713410" lon="2.886310">
						<ele>18</ele>
						<time>2026-07-24T20:24:49Z</time>
					</trkpt>
					<trkpt lat="50.713210" lon="2.885610">
						<ele>17</ele>
						<time>2026-07-24T20:24:58Z</time>
					</trkpt>
					<trkpt lat="50.713110" lon="2.884900">
						<ele>17</ele>
						<time>2026-07-24T20:25:06Z</time>
					</trkpt>
					<trkpt lat="50.711260" lon="2.884640">
						<ele>19</ele>
						<time>2026-07-24T20:25:39Z</time>
					</trkpt>
					<trkpt lat="50.711130" lon="2.884600">
						<ele>18</ele>
						<time>2026-07-24T20:25:41Z</time>
					</trkpt>
					<trkpt lat="50.710980" lon="2.884400">
						<ele>19</ele>
						<time>2026-07-24T20:25:45Z</time>
					</trkpt>
					<trkpt lat="50.710870" lon="2.884150">
						<ele>19</ele>
						<time>2026-07-24T20:25:48Z</time>
					</trkpt>
					<trkpt lat="50.710810" lon="2.884080">
						<ele>19</ele>
						<time>2026-07-24T20:25:50Z</time>
					</trkpt>
					<trkpt lat="50.710550" lon="2.883910">
						<ele>19</ele>
						<time>2026-07-24T20:25:55Z</time>
					</trkpt>
					<trkpt lat="50.710380" lon="2.883610">
						<ele>18</ele>
						<time>2026-07-24T20:25:59Z</time>
					</trkpt>
					<trkpt lat="50.709840" lon="2.881440">
						<ele>18</ele>
						<time>2026-07-24T20:26:25Z</time>
					</trkpt>
					<trkpt lat="50.709780" lon="2.880430">
						<ele>17</ele>
						<time>2026-07-24T20:26:37Z</time>
					</trkpt>
					<trkpt lat="50.709710" lon="2.879940">
						<ele>18</ele>
						<time>2026-07-24T20:26:42Z</time>
					</trkpt>
					<trkpt lat="50.709460" lon="2.879210">
						<ele>19</ele>
						<time>2026-07-24T20:26:52Z</time>
					</trkpt>
					<trkpt lat="50.708020" lon="2.875970">
						<ele>17</ele>
						<time>2026-07-24T20:27:36Z</time>
					</trkpt>
					<trkpt lat="50.707910" lon="2.875610">
						<ele>17</ele>
						<time>2026-07-24T20:27:41Z</time>
					</trkpt>
					<trkpt lat="50.707780" lon="2.874900">
						<ele>17</ele>
						<time>2026-07-24T20:27:49Z</time>
					</trkpt>
					<trkpt lat="50.707720" lon="2.874360">
						<ele>17</ele>
						<time>2026-07-24T20:27:55Z</time>
					</trkpt>
					<trkpt lat="50.707700" lon="2.873100">
						<ele>17</ele>
						<time>2026-07-24T20:28:10Z</time>
					</trkpt>
					<trkpt lat="50.707100" lon="2.868800">
						<ele>17</ele>
						<time>2026-07-24T20:28:59Z</time>
					</trkpt>
					<trkpt lat="50.706990" lon="2.868440">
						<ele>18</ele>
						<time>2026-07-24T20:29:04Z</time>
					</trkpt>
					<trkpt lat="50.706670" lon="2.867800">
						<ele>17</ele>
						<time>2026-07-24T20:29:13Z</time>
					</trkpt>
					<trkpt lat="50.706200" lon="2.867000">
						<ele>17</ele>
						<time>2026-07-24T20:29:25Z</time>
					</trkpt>
					<trkpt lat="50.704870" lon="2.864560">
						<ele>16</ele>
						<time>2026-07-24T20:30:02Z</time>
					</trkpt>
					<trkpt lat="50.704410" lon="2.863760">
						<ele>16</ele>
						<time>2026-07-24T20:30:14Z</time>
					</trkpt>
					<trkpt lat="50.703640" lon="2.862560">
						<ele>15</ele>
						<time>2026-07-24T20:30:33Z</time>
					</trkpt>
					<trkpt lat="50.702740" lon="2.861400">
						<ele>15</ele>
						<time>2026-07-24T20:30:54Z</time>
					</trkpt>
					<trkpt lat="50.701840" lon="2.860460">
						<ele>17</ele>
						<time>2026-07-24T20:31:13Z</time>
					</trkpt>
					<trkpt lat="50.702100" lon="2.860050">
						<ele>17</ele>
						<time>2026-07-24T20:31:19Z</time>
					</trkpt>
					<trkpt lat="50.703210" lon="2.857970">
						<ele>17</ele>
						<time>2026-07-24T20:31:50Z</time>
					</trkpt>
					<trkpt lat="50.703730" lon="2.857170">
						<ele>16</ele>
						<time>2026-07-24T20:32:03Z</time>
					</trkpt>
					<trkpt lat="50.703990" lon="2.856830">
						<ele>15</ele>
						<time>2026-07-24T20:32:09Z</time>
					</trkpt>
					<trkpt lat="50.704410" lon="2.856550">
						<ele>15</ele>
						<time>2026-07-24T20:32:17Z</time>
					</trkpt>
					<trkpt lat="50.706000" lon="2.854560">
						<ele>17</ele>
						<time>2026-07-24T20:32:53Z</time>
					</trkpt>
					<trkpt lat="50.707780" lon="2.852450">
						<ele>17</ele>
						<time>2026-07-24T20:33:33Z</time>
					</trkpt>
					<trkpt lat="50.709480" lon="2.850840">
						<ele>17</ele>
						<time>2026-07-24T20:34:08Z</time>
					</trkpt>
					<trkpt lat="50.710320" lon="2.849710">
						<ele>18</ele>
						<time>2026-07-24T20:34:28Z</time>
					</trkpt>
					<trkpt lat="50.710810" lon="2.849170">
						<ele>17</ele>
						<time>2026-07-24T20:34:38Z</time>
					</trkpt>
					<trkpt lat="50.710900" lon="2.849040">
						<ele>17</ele>
						<time>2026-07-24T20:34:40Z</time>
					</trkpt>
					<trkpt lat="50.713530" lon="2.846680">
						<ele>18</ele>
						<time>2026-07-24T20:35:34Z</time>
					</trkpt>
					<trkpt lat="50.713730" lon="2.846380">
						<ele>18</ele>
						<time>2026-07-24T20:35:39Z</time>
					</trkpt>
					<trkpt lat="50.714050" lon="2.845700">
						<ele>18</ele>
						<time>2026-07-24T20:35:49Z</time>
					</trkpt>
					<trkpt lat="50.714540" lon="2.844540">
						<ele>17</ele>
						<time>2026-07-24T20:36:04Z</time>
					</trkpt>
					<trkpt lat="50.714950" lon="2.843700">
						<ele>16</ele>
						<time>2026-07-24T20:36:16Z</time>
					</trkpt>
					<trkpt lat="50.716690" lon="2.841100">
						<ele>16</ele>
						<time>2026-07-24T20:36:59Z</time>
					</trkpt>
					<trkpt lat="50.716880" lon="2.840870">
						<ele>16</ele>
						<time>2026-07-24T20:37:03Z</time>
					</trkpt>
					<trkpt lat="50.718640" lon="2.839670">
						<ele>17</ele>
						<time>2026-07-24T20:37:37Z</time>
					</trkpt>
					<trkpt lat="50.719260" lon="2.839450">
						<ele>18</ele>
						<time>2026-07-24T20:37:49Z</time>
					</trkpt>
					<trkpt lat="50.719540" lon="2.839410">
						<ele>18</ele>
						<time>2026-07-24T20:37:54Z</time>
					</trkpt>
					<trkpt lat="50.719760" lon="2.839450">
						<ele>17</ele>
						<time>2026-07-24T20:37:58Z</time>
					</trkpt>
					<trkpt lat="50.720550" lon="2.839900">
						<ele>17</ele>
						<time>2026-07-24T20:38:13Z</time>
					</trkpt>
					<trkpt lat="50.721370" lon="2.840480">
						<ele>17</ele>
						<time>2026-07-24T20:38:29Z</time>
					</trkpt>
					<trkpt lat="50.721730" lon="2.840590">
						<ele>18</ele>
						<time>2026-07-24T20:38:35Z</time>
					</trkpt>
					<trkpt lat="50.722260" lon="2.840560">
						<ele>18</ele>
						<time>2026-07-24T20:38:45Z</time>
					</trkpt>
					<trkpt lat="50.722610" lon="2.840510">
						<ele>18</ele>
						<time>2026-07-24T20:38:51Z</time>
					</trkpt>
					<trkpt lat="50.723070" lon="2.840340">
						<ele>18</ele>
						<time>2026-07-24T20:38:59Z</time>
					</trkpt>
					<trkpt lat="50.723330" lon="2.840170">
						<ele>17</ele>
						<time>2026-07-24T20:39:04Z</time>
					</trkpt>
					<trkpt lat="50.723750" lon="2.839730">
						<ele>17</ele>
						<time>2026-07-24T20:39:13Z</time>
					</trkpt>
					<trkpt lat="50.725620" lon="2.837470">
						<ele>18</ele>
						<time>2026-07-24T20:39:55Z</time>
					</trkpt>
					<trkpt lat="50.725160" lon="2.835940">
						<ele>18</ele>
						<time>2026-07-24T20:40:14Z</time>
					</trkpt>
					<trkpt lat="50.724440" lon="2.833350">
						<ele>17</ele>
						<time>2026-07-24T20:40:46Z</time>
					</trkpt>
					<trkpt lat="50.723730" lon="2.831300">
						<ele>17</ele>
						<time>2026-07-24T20:41:12Z</time>
					</trkpt>
					<trkpt lat="50.723720" lon="2.831180">
						<ele>17</ele>
						<time>2026-07-24T20:41:14Z</time>
					</trkpt>
					<trkpt lat="50.723740" lon="2.829940">
						<ele>17</ele>
						<time>2026-07-24T20:41:28Z</time>
					</trkpt>
					<trkpt lat="50.723820" lon="2.828530">
						<ele>17</ele>
						<time>2026-07-24T20:41:44Z</time>
					</trkpt>
					<trkpt lat="50.723800" lon="2.826490">
						<ele>18</ele>
						<time>2026-07-24T20:42:07Z</time>
					</trkpt>
					<trkpt lat="50.723820" lon="2.825210">
						<ele>17</ele>
						<time>2026-07-24T20:42:21Z</time>
					</trkpt>
					<trkpt lat="50.723910" lon="2.824280">
						<ele>18</ele>
						<time>2026-07-24T20:42:32Z</time>
					</trkpt>
					<trkpt lat="50.723930" lon="2.823750">
						<ele>18</ele>
						<time>2026-07-24T20:42:38Z</time>
					</trkpt>
					<trkpt lat="50.723910" lon="2.822280">
						<ele>18</ele>
						<time>2026-07-24T20:42:54Z</time>
					</trkpt>
					<trkpt lat="50.724070" lon="2.821090">
						<ele>18</ele>
						<time>2026-07-24T20:43:08Z</time>
					</trkpt>
					<trkpt lat="50.724110" lon="2.820060">
						<ele>18</ele>
						<time>2026-07-24T20:43:19Z</time>
					</trkpt>
					<trkpt lat="50.724640" lon="2.814790">
						<ele>17</ele>
						<time>2026-07-24T20:44:20Z</time>
					</trkpt>
					<trkpt lat="50.724620" lon="2.814520">
						<ele>18</ele>
						<time>2026-07-24T20:44:23Z</time>
					</trkpt>
					<trkpt lat="50.723990" lon="2.814540">
						<ele>18</ele>
						<time>2026-07-24T20:44:34Z</time>
					</trkpt>
					<trkpt lat="50.723970" lon="2.814340">
						<ele>18</ele>
						<time>2026-07-24T20:44:36Z</time>
					</trkpt>
					<trkpt lat="50.724000" lon="2.813970">
						<ele>18</ele>
						<time>2026-07-24T20:44:40Z</time>
					</trkpt>
					<trkpt lat="50.724300" lon="2.812280">
						<ele>19</ele>
						<time>2026-07-24T20:45:00Z</time>
					</trkpt>
					<trkpt lat="50.724360" lon="2.811730">
						<ele>18</ele>
						<time>2026-07-24T20:45:06Z</time>
					</trkpt>
					<trkpt lat="50.724560" lon="2.810610">
						<ele>17</ele>
						<time>2026-07-24T20:45:19Z</time>
					</trkpt>
					<trkpt lat="50.724700" lon="2.809970">
						<ele>16</ele>
						<time>2026-07-24T20:45:27Z</time>
					</trkpt>
					<trkpt lat="50.724990" lon="2.807880">
						<ele>18</ele>
						<time>2026-07-24T20:45:51Z</time>
					</trkpt>
					<trkpt lat="50.727460" lon="2.809540">
						<ele>18</ele>
						<time>2026-07-24T20:46:39Z</time>
					</trkpt>
					<trkpt lat="50.727300" lon="2.808870">
						<ele>18</ele>
						<time>2026-07-24T20:46:47Z</time>
					</trkpt>
					<trkpt lat="50.727240" lon="2.808520">
						<ele>18</ele>
						<time>2026-07-24T20:46:51Z</time>
					</trkpt>
					<trkpt lat="50.727210" lon="2.808000">
						<ele>17</ele>
						<time>2026-07-24T20:46:57Z</time>
					</trkpt>
					<trkpt lat="50.727290" lon="2.807160">
						<ele>16</ele>
						<time>2026-07-24T20:47:07Z</time>
					</trkpt>
					<trkpt lat="50.727270" lon="2.807000">
						<ele>16</ele>
						<time>2026-07-24T20:47:08Z</time>
					</trkpt>
					<trkpt lat="50.726990" lon="2.806310">
						<ele>17</ele>
						<time>2026-07-24T20:47:18Z</time>
					</trkpt>
					<trkpt lat="50.726920" lon="2.805930">
						<ele>18</ele>
						<time>2026-07-24T20:47:22Z</time>
					</trkpt>
					<trkpt lat="50.727080" lon="2.804820">
						<ele>17</ele>
						<time>2026-07-24T20:47:35Z</time>
					</trkpt>
					<trkpt lat="50.727310" lon="2.802470">
						<ele>17</ele>
						<time>2026-07-24T20:48:02Z</time>
					</trkpt>
					<trkpt lat="50.727650" lon="2.800430">
						<ele>18</ele>
						<time>2026-07-24T20:48:25Z</time>
					</trkpt>
					<trkpt lat="50.727680" lon="2.800050">
						<ele>18</ele>
						<time>2026-07-24T20:48:30Z</time>
					</trkpt>
					<trkpt lat="50.727660" lon="2.798990">
						<ele>18</ele>
						<time>2026-07-24T20:48:42Z</time>
					</trkpt>
					<trkpt lat="50.727870" lon="2.797000">
						<ele>17</ele>
						<time>2026-07-24T20:49:04Z</time>
					</trkpt>
					<trkpt lat="50.728070" lon="2.795560">
						<ele>18</ele>
						<time>2026-07-24T20:49:21Z</time>
					</trkpt>
					<trkpt lat="50.728170" lon="2.795150">
						<ele>18</ele>
						<time>2026-07-24T20:49:26Z</time>
					</trkpt>
					<trkpt lat="50.728690" lon="2.793490">
						<ele>18</ele>
						<time>2026-07-24T20:49:47Z</time>
					</trkpt>
					<trkpt lat="50.730320" lon="2.794430">
						<ele>19</ele>
						<time>2026-07-24T20:50:18Z</time>
					</trkpt>
					<trkpt lat="50.730850" lon="2.794700">
						<ele>18</ele>
						<time>2026-07-24T20:50:28Z</time>
					</trkpt>
					<trkpt lat="50.731270" lon="2.794880">
						<ele>17</ele>
						<time>2026-07-24T20:50:35Z</time>
					</trkpt>
					<trkpt lat="50.732010" lon="2.795120">
						<ele>18</ele>
						<time>2026-07-24T20:50:49Z</time>
					</trkpt>
					<trkpt lat="50.732250" lon="2.795130">
						<ele>18</ele>
						<time>2026-07-24T20:50:53Z</time>
					</trkpt>
					<trkpt lat="50.732990" lon="2.795300">
						<ele>18</ele>
						<time>2026-07-24T20:51:06Z</time>
					</trkpt>
					<trkpt lat="50.734460" lon="2.796290">
						<ele>16</ele>
						<time>2026-07-24T20:51:35Z</time>
					</trkpt>
					<trkpt lat="50.735790" lon="2.797750">
						<ele>18</ele>
						<time>2026-07-24T20:52:04Z</time>
					</trkpt>
					<trkpt lat="50.736160" lon="2.798120">
						<ele>18</ele>
						<time>2026-07-24T20:52:11Z</time>
					</trkpt>
					<trkpt lat="50.736350" lon="2.798360">
						<ele>18</ele>
						<time>2026-07-24T20:52:16Z</time>
					</trkpt>
					<trkpt lat="50.736370" lon="2.798420">
						<ele>18</ele>
						<time>2026-07-24T20:52:17Z</time>
					</trkpt>
					<trkpt lat="50.736360" lon="2.798580">
						<ele>19</ele>
						<time>2026-07-24T20:52:18Z</time>
					</trkpt>
					<trkpt lat="50.736120" lon="2.799560">
						<ele>20</ele>
						<time>2026-07-24T20:52:30Z</time>
					</trkpt>
					<trkpt lat="50.736120" lon="2.799790">
						<ele>20</ele>
						<time>2026-07-24T20:52:33Z</time>
					</trkpt>
					<trkpt lat="50.736160" lon="2.799910">
						<ele>20</ele>
						<time>2026-07-24T20:52:34Z</time>
					</trkpt>
					<trkpt lat="50.736690" lon="2.800530">
						<ele>22</ele>
						<time>2026-07-24T20:52:46Z</time>
					</trkpt>
					<trkpt lat="50.738220" lon="2.801510">
						<ele>30</ele>
						<time>2026-07-24T20:53:15Z</time>
					</trkpt>
					<trkpt lat="50.738630" lon="2.799570">
						<ele>33</ele>
						<time>2026-07-24T20:53:38Z</time>
					</trkpt>
					<trkpt lat="50.738870" lon="2.796870">
						<ele>34</ele>
						<time>2026-07-24T20:54:09Z</time>
					</trkpt>
					<trkpt lat="50.738960" lon="2.793950">
						<ele>34</ele>
						<time>2026-07-24T20:54:42Z</time>
					</trkpt>
					<trkpt lat="50.739160" lon="2.792400">
						<ele>35</ele>
						<time>2026-07-24T20:55:00Z</time>
					</trkpt>
					<trkpt lat="50.739630" lon="2.790170">
						<ele>41</ele>
						<time>2026-07-24T20:55:26Z</time>
					</trkpt>
					<trkpt lat="50.739750" lon="2.788270">
						<ele>41</ele>
						<time>2026-07-24T20:55:48Z</time>
					</trkpt>
					<trkpt lat="50.740020" lon="2.787370">
						<ele>42</ele>
						<time>2026-07-24T20:55:59Z</time>
					</trkpt>
					<trkpt lat="50.740350" lon="2.786690">
						<ele>43</ele>
						<time>2026-07-24T20:56:09Z</time>
					</trkpt>
					<trkpt lat="50.741400" lon="2.784780">
						<ele>47</ele>
						<time>2026-07-24T20:56:37Z</time>
					</trkpt>
					<trkpt lat="50.742240" lon="2.783110">
						<ele>47</ele>
						<time>2026-07-24T20:57:01Z</time>
					</trkpt>
					<trkpt lat="50.742340" lon="2.783010">
						<ele>47</ele>
						<time>2026-07-24T20:57:03Z</time>
					</trkpt>
					<trkpt lat="50.743420" lon="2.782580">
						<ele>50</ele>
						<time>2026-07-24T20:57:23Z</time>
					</trkpt>
					<trkpt lat="50.743750" lon="2.782370">
						<ele>51</ele>
						<time>2026-07-24T20:57:29Z</time>
					</trkpt>
					<trkpt lat="50.744350" lon="2.783800">
						<ele>62</ele>
						<time>2026-07-24T20:57:49Z</time>
					</trkpt>
					<trkpt lat="50.744390" lon="2.784170">
						<ele>64</ele>
						<time>2026-07-24T20:57:53Z</time>
					</trkpt>
					<trkpt lat="50.744360" lon="2.784840">
						<ele>66</ele>
						<time>2026-07-24T20:58:01Z</time>
					</trkpt>
					<trkpt lat="50.744060" lon="2.786260">
						<ele>70</ele>
						<time>2026-07-24T20:58:17Z</time>
					</trkpt>
					<trkpt lat="50.744010" lon="2.786810">
						<ele>72</ele>
						<time>2026-07-24T20:58:24Z</time>
					</trkpt>
					<trkpt lat="50.744030" lon="2.787470">
						<ele>73</ele>
						<time>2026-07-24T20:58:31Z</time>
					</trkpt>
					<trkpt lat="50.744200" lon="2.788730">
						<ele>76</ele>
						<time>2026-07-24T20:58:46Z</time>
					</trkpt>
					<trkpt lat="50.744210" lon="2.788940">
						<ele>76</ele>
						<time>2026-07-24T20:58:48Z</time>
					</trkpt>
					<trkpt lat="50.744200" lon="2.789230">
						<ele>76</ele>
						<time>2026-07-24T20:58:51Z</time>
					</trkpt>
					<trkpt lat="50.744100" lon="2.789920">
						<ele>75</ele>
						<time>2026-07-24T20:58:59Z</time>
					</trkpt>
					<trkpt lat="50.744080" lon="2.790340">
						<ele>73</ele>
						<time>2026-07-24T20:59:04Z</time>
					</trkpt>
					<trkpt lat="50.744090" lon="2.791580">
						<ele>71</ele>
						<time>2026-07-24T20:59:18Z</time>
					</trkpt>
					<trkpt lat="50.744160" lon="2.792050">
						<ele>70</ele>
						<time>2026-07-24T20:59:23Z</time>
					</trkpt>
					<trkpt lat="50.744700" lon="2.791820">
						<ele>65</ele>
						<time>2026-07-24T20:59:33Z</time>
					</trkpt>
					<trkpt lat="50.744960" lon="2.791750">
						<ele>62</ele>
						<time>2026-07-24T20:59:38Z</time>
					</trkpt>
					<trkpt lat="50.745110" lon="2.791740">
						<ele>60</ele>
						<time>2026-07-24T20:59:41Z</time>
					</trkpt>
					<trkpt lat="50.745290" lon="2.791770">
						<ele>59</ele>
						<time>2026-07-24T20:59:44Z</time>
					</trkpt>
					<trkpt lat="50.745850" lon="2.792050">
						<ele>56</ele>
						<time>2026-07-24T20:59:54Z</time>
					</trkpt>
					<trkpt lat="50.746250" lon="2.792110">
						<ele>54</ele>
						<time>2026-07-24T21:00:02Z</time>
					</trkpt>
					<trkpt lat="50.747100" lon="2.792340">
						<ele>50</ele>
						<time>2026-07-24T21:00:17Z</time>
					</trkpt>
					<trkpt lat="50.747540" lon="2.792280">
						<ele>49</ele>
						<time>2026-07-24T21:00:25Z</time>
					</trkpt>
					<trkpt lat="50.748080" lon="2.792430">
						<ele>49</ele>
						<time>2026-07-24T21:00:34Z</time>
					</trkpt>
					<trkpt lat="50.748230" lon="2.792420">
						<ele>49</ele>
						<time>2026-07-24T21:00:37Z</time>
					</trkpt>
					<trkpt lat="50.748650" lon="2.792320">
						<ele>48</ele>
						<time>2026-07-24T21:00:45Z</time>
					</trkpt>
					<trkpt lat="50.749580" lon="2.792030">
						<ele>44</ele>
						<time>2026-07-24T21:01:02Z</time>
					</trkpt>
					<trkpt lat="50.749790" lon="2.791930">
						<ele>43</ele>
						<time>2026-07-24T21:01:05Z</time>
					</trkpt>
					<trkpt lat="50.752840" lon="2.789210">
						<ele>37</ele>
						<time>2026-07-24T21:02:08Z</time>
					</trkpt>
					<trkpt lat="50.752970" lon="2.789280">
						<ele>37</ele>
						<time>2026-07-24T21:02:10Z</time>
					</trkpt>
					<trkpt lat="50.753150" lon="2.789310">
						<ele>37</ele>
						<time>2026-07-24T21:02:13Z</time>
					</trkpt>
					<trkpt lat="50.753480" lon="2.789420">
						<ele>37</ele>
						<time>2026-07-24T21:02:19Z</time>
					</trkpt>
					<trkpt lat="50.753540" lon="2.789340">
						<ele>38</ele>
						<time>2026-07-24T21:02:21Z</time>
					</trkpt>
					<trkpt lat="50.753870" lon="2.788550">
						<ele>40</ele>
						<time>2026-07-24T21:02:31Z</time>
					</trkpt>
					<trkpt lat="50.754860" lon="2.786770">
						<ele>45</ele>
						<time>2026-07-24T21:02:58Z</time>
					</trkpt>
					<trkpt lat="50.755070" lon="2.786580">
						<ele>45</ele>
						<time>2026-07-24T21:03:02Z</time>
					</trkpt>
					<trkpt lat="50.755890" lon="2.786210">
						<ele>45</ele>
						<time>2026-07-24T21:03:18Z</time>
					</trkpt>
					<trkpt lat="50.756140" lon="2.785950">
						<ele>45</ele>
						<time>2026-07-24T21:03:23Z</time>
					</trkpt>
					<trkpt lat="50.756380" lon="2.785640">
						<ele>46</ele>
						<time>2026-07-24T21:03:28Z</time>
					</trkpt>
					<trkpt lat="50.755550" lon="2.783110">
						<ele>49</ele>
						<time>2026-07-24T21:04:01Z</time>
					</trkpt>
					<trkpt lat="50.755210" lon="2.781780">
						<ele>53</ele>
						<time>2026-07-24T21:04:17Z</time>
					</trkpt>
					<trkpt lat="50.754980" lon="2.781060">
						<ele>54</ele>
						<time>2026-07-24T21:04:26Z</time>
					</trkpt>
					<trkpt lat="50.754320" lon="2.779330">
						<ele>54</ele>
						<time>2026-07-24T21:04:49Z</time>
					</trkpt>
					<trkpt lat="50.754170" lon="2.778820">
						<ele>54</ele>
						<time>2026-07-24T21:04:55Z</time>
					</trkpt>
					<trkpt lat="50.753720" lon="2.776750">
						<ele>55</ele>
						<time>2026-07-24T21:05:19Z</time>
					</trkpt>
					<trkpt lat="50.753650" lon="2.776480">
						<ele>55</ele>
						<time>2026-07-24T21:05:23Z</time>
					</trkpt>
					<trkpt lat="50.753580" lon="2.776330">
						<ele>55</ele>
						<time>2026-07-24T21:05:25Z</time>
					</trkpt>
					<trkpt lat="50.754670" lon="2.776200">
						<ele>59</ele>
						<time>2026-07-24T21:05:44Z</time>
					</trkpt>
					<trkpt lat="50.754920" lon="2.776100">
						<ele>59</ele>
						<time>2026-07-24T21:05:49Z</time>
					</trkpt>
					<trkpt lat="50.756000" lon="2.775400">
						<ele>62</ele>
						<time>2026-07-24T21:06:10Z</time>
					</trkpt>
					<trkpt lat="50.756250" lon="2.775330">
						<ele>63</ele>
						<time>2026-07-24T21:06:14Z</time>
					</trkpt>
					<trkpt lat="50.756520" lon="2.775300">
						<ele>63</ele>
						<time>2026-07-24T21:06:19Z</time>
					</trkpt>
					<trkpt lat="50.756850" lon="2.775370">
						<ele>63</ele>
						<time>2026-07-24T21:06:25Z</time>
					</trkpt>
					<trkpt lat="50.757110" lon="2.775370">
						<ele>62</ele>
						<time>2026-07-24T21:06:30Z</time>
					</trkpt>
					<trkpt lat="50.757910" lon="2.775160">
						<ele>59</ele>
						<time>2026-07-24T21:06:44Z</time>
					</trkpt>
					<trkpt lat="50.758110" lon="2.775140">
						<ele>58</ele>
						<time>2026-07-24T21:06:48Z</time>
					</trkpt>
					<trkpt lat="50.758130" lon="2.776260">
						<ele>58</ele>
						<time>2026-07-24T21:07:00Z</time>
					</trkpt>
					<trkpt lat="50.758160" lon="2.776350">
						<ele>57</ele>
						<time>2026-07-24T21:07:01Z</time>
					</trkpt>
					<trkpt lat="50.758310" lon="2.776450">
						<ele>56</ele>
						<time>2026-07-24T21:07:04Z</time>
					</trkpt>
					<trkpt lat="50.759030" lon="2.776590">
						<ele>53</ele>
						<time>2026-07-24T21:07:17Z</time>
					</trkpt>
					<trkpt lat="50.760280" lon="2.776730">
						<ele>48</ele>
						<time>2026-07-24T21:07:39Z</time>
					</trkpt>
					<trkpt lat="50.760800" lon="2.776810">
						<ele>46</ele>
						<time>2026-07-24T21:07:49Z</time>
					</trkpt>
					<trkpt lat="50.761530" lon="2.776820">
						<ele>43</ele>
						<time>2026-07-24T21:08:02Z</time>
					</trkpt>
					<trkpt lat="50.761520" lon="2.776060">
						<ele>42</ele>
						<time>2026-07-24T21:08:10Z</time>
					</trkpt>
					<trkpt lat="50.761460" lon="2.775700">
						<ele>42</ele>
						<time>2026-07-24T21:08:14Z</time>
					</trkpt>
					<trkpt lat="50.761290" lon="2.775040">
						<ele>43</ele>
						<time>2026-07-24T21:08:22Z</time>
					</trkpt>
					<trkpt lat="50.761230" lon="2.774340">
						<ele>43</ele>
						<time>2026-07-24T21:08:30Z</time>
					</trkpt>
					<trkpt lat="50.761140" lon="2.774090">
						<ele>44</ele>
						<time>2026-07-24T21:08:34Z</time>
					</trkpt>
					<trkpt lat="50.760840" lon="2.773510">
						<ele>45</ele>
						<time>2026-07-24T21:08:42Z</time>
					</trkpt>
					<trkpt lat="50.760590" lon="2.772910">
						<ele>47</ele>
						<time>2026-07-24T21:08:50Z</time>
					</trkpt>
					<trkpt lat="50.760400" lon="2.772050">
						<ele>48</ele>
						<time>2026-07-24T21:09:00Z</time>
					</trkpt>
					<trkpt lat="50.761200" lon="2.771730">
						<ele>45</ele>
						<time>2026-07-24T21:09:15Z</time>
					</trkpt>
					<trkpt lat="50.761740" lon="2.771390">
						<ele>43</ele>
						<time>2026-07-24T21:09:25Z</time>
					</trkpt>
					<trkpt lat="50.762870" lon="2.770510">
						<ele>44</ele>
						<time>2026-07-24T21:09:48Z</time>
					</trkpt>
					<trkpt lat="50.763940" lon="2.769440">
						<ele>43</ele>
						<time>2026-07-24T21:10:10Z</time>
					</trkpt>
					<trkpt lat="50.764630" lon="2.769140">
						<ele>44</ele>
						<time>2026-07-24T21:10:23Z</time>
					</trkpt>
					<trkpt lat="50.764650" lon="2.768880">
						<ele>44</ele>
						<time>2026-07-24T21:10:26Z</time>
					</trkpt>
					<trkpt lat="50.764730" lon="2.768530">
						<ele>44</ele>
						<time>2026-07-24T21:10:30Z</time>
					</trkpt>
					<trkpt lat="50.764930" lon="2.768120">
						<ele>45</ele>
						<time>2026-07-24T21:10:36Z</time>
					</trkpt>
					<trkpt lat="50.765560" lon="2.767390">
						<ele>47</ele>
						<time>2026-07-24T21:10:50Z</time>
					</trkpt>
					<trkpt lat="50.765680" lon="2.767120">
						<ele>48</ele>
						<time>2026-07-24T21:10:54Z</time>
					</trkpt>
					<trkpt lat="50.765720" lon="2.766940">
						<ele>48</ele>
						<time>2026-07-24T21:10:56Z</time>
					</trkpt>
					<trkpt lat="50.765740" lon="2.766590">
						<ele>48</ele>
						<time>2026-07-24T21:11:00Z</time>
					</trkpt>
					<trkpt lat="50.765930" lon="2.766090">
						<ele>49</ele>
						<time>2026-07-24T21:11:06Z</time>
					</trkpt>
					<trkpt lat="50.766060" lon="2.765900">
						<ele>50</ele>
						<time>2026-07-24T21:11:10Z</time>
					</trkpt>
					<trkpt lat="50.766460" lon="2.765500">
						<ele>51</ele>
						<time>2026-07-24T21:11:18Z</time>
					</trkpt>
					<trkpt lat="50.766520" lon="2.765300">
						<ele>52</ele>
						<time>2026-07-24T21:11:20Z</time>
					</trkpt>
					<trkpt lat="50.766520" lon="2.764870">
						<ele>52</ele>
						<time>2026-07-24T21:11:25Z</time>
					</trkpt>
					<trkpt lat="50.766490" lon="2.764710">
						<ele>52</ele>
						<time>2026-07-24T21:11:27Z</time>
					</trkpt>
					<trkpt lat="50.766030" lon="2.764070">
						<ele>53</ele>
						<time>2026-07-24T21:11:38Z</time>
					</trkpt>
					<trkpt lat="50.765020" lon="2.762820">
						<ele>51</ele>
						<time>2026-07-24T21:12:01Z</time>
					</trkpt>
					<trkpt lat="50.764600" lon="2.762010">
						<ele>51</ele>
						<time>2026-07-24T21:12:13Z</time>
					</trkpt>
					<trkpt lat="50.764550" lon="2.761750">
						<ele>51</ele>
						<time>2026-07-24T21:12:16Z</time>
					</trkpt>
					<trkpt lat="50.764560" lon="2.761660">
						<ele>51</ele>
						<time>2026-07-24T21:12:17Z</time>
					</trkpt>
					<trkpt lat="50.764760" lon="2.761210">
						<ele>53</ele>
						<time>2026-07-24T21:12:23Z</time>
					</trkpt>
					<trkpt lat="50.765970" lon="2.758750">
						<ele>59</ele>
						<time>2026-07-24T21:12:58Z</time>
					</trkpt>
					<trkpt lat="50.766120" lon="2.758390">
						<ele>59</ele>
						<time>2026-07-24T21:13:03Z</time>
					</trkpt>
					<trkpt lat="50.766330" lon="2.758490">
						<ele>59</ele>
						<time>2026-07-24T21:13:07Z</time>
					</trkpt>
					<trkpt lat="50.766830" lon="2.758830">
						<ele>60</ele>
						<time>2026-07-24T21:13:16Z</time>
					</trkpt>
					<trkpt lat="50.769150" lon="2.760850">
						<ele>58</ele>
						<time>2026-07-24T21:14:04Z</time>
					</trkpt>
					<trkpt lat="50.769980" lon="2.761510">
						<ele>56</ele>
						<time>2026-07-24T21:14:20Z</time>
					</trkpt>
					<trkpt lat="50.771160" lon="2.762290">
						<ele>57</ele>
						<time>2026-07-24T21:14:43Z</time>
					</trkpt>
					<trkpt lat="50.771890" lon="2.762820">
						<ele>62</ele>
						<time>2026-07-24T21:14:57Z</time>
					</trkpt>
					<trkpt lat="50.772740" lon="2.763560">
						<ele>68</ele>
						<time>2026-07-24T21:15:14Z</time>
					</trkpt>
					<trkpt lat="50.774250" lon="2.764950">
						<ele>71</ele>
						<time>2026-07-24T21:15:46Z</time>
					</trkpt>
					<trkpt lat="50.776590" lon="2.767010">
						<ele>69</ele>
						<time>2026-07-24T21:16:33Z</time>
					</trkpt>
					<trkpt lat="50.777220" lon="2.767640">
						<ele>71</ele>
						<time>2026-07-24T21:16:46Z</time>
					</trkpt>
					<trkpt lat="50.779590" lon="2.770820">
						<ele>76</ele>
						<time>2026-07-24T21:17:42Z</time>
					</trkpt>
					<trkpt lat="50.780740" lon="2.772290">
						<ele>83</ele>
						<time>2026-07-24T21:18:08Z</time>
					</trkpt>
					<trkpt lat="50.780940" lon="2.772480">
						<ele>84</ele>
						<time>2026-07-24T21:18:12Z</time>
					</trkpt>
					<trkpt lat="50.781640" lon="2.772110">
						<ele>87</ele>
						<time>2026-07-24T21:18:25Z</time>
					</trkpt>
					<trkpt lat="50.782000" lon="2.772890">
						<ele>86</ele>
						<time>2026-07-24T21:18:36Z</time>
					</trkpt>
					<trkpt lat="50.781440" lon="2.773650">
						<ele>82</ele>
						<time>2026-07-24T21:18:49Z</time>
					</trkpt>
					<trkpt lat="50.780950" lon="2.774430">
						<ele>80</ele>
						<time>2026-07-24T21:19:02Z</time>
					</trkpt>
					<trkpt lat="50.780590" lon="2.775070">
						<ele>78</ele>
						<time>2026-07-24T21:19:11Z</time>
					</trkpt>
					<trkpt lat="50.780040" lon="2.776200">
						<ele>75</ele>
						<time>2026-07-24T21:19:27Z</time>
					</trkpt>
					<trkpt lat="50.779980" lon="2.776400">
						<ele>75</ele>
						<time>2026-07-24T21:19:30Z</time>
					</trkpt>
					<trkpt lat="50.779880" lon="2.778710">
						<ele>71</ele>
						<time>2026-07-24T21:19:56Z</time>
					</trkpt>
					<trkpt lat="50.779790" lon="2.780160">
						<ele>66</ele>
						<time>2026-07-24T21:20:12Z</time>
					</trkpt>
					<trkpt lat="50.779560" lon="2.781170">
						<ele>64</ele>
						<time>2026-07-24T21:20:24Z</time>
					</trkpt>
					<trkpt lat="50.779360" lon="2.782230">
						<ele>62</ele>
						<time>2026-07-24T21:20:37Z</time>
					</trkpt>
					<trkpt lat="50.779120" lon="2.783260">
						<ele>59</ele>
						<time>2026-07-24T21:20:49Z</time>
					</trkpt>
					<trkpt lat="50.779100" lon="2.783460">
						<ele>58</ele>
						<time>2026-07-24T21:20:51Z</time>
					</trkpt>
					<trkpt lat="50.779090" lon="2.783750">
						<ele>57</ele>
						<time>2026-07-24T21:20:55Z</time>
					</trkpt>
					<trkpt lat="50.779130" lon="2.784410">
						<ele>55</ele>
						<time>2026-07-24T21:21:02Z</time>
					</trkpt>
					<trkpt lat="50.779240" lon="2.785590">
						<ele>52</ele>
						<time>2026-07-24T21:21:16Z</time>
					</trkpt>
					<trkpt lat="50.779180" lon="2.785920">
						<ele>53</ele>
						<time>2026-07-24T21:21:19Z</time>
					</trkpt>
					<trkpt lat="50.779070" lon="2.786230">
						<ele>54</ele>
						<time>2026-07-24T21:21:23Z</time>
					</trkpt>
					<trkpt lat="50.779010" lon="2.786480">
						<ele>56</ele>
						<time>2026-07-24T21:21:26Z</time>
					</trkpt>
					<trkpt lat="50.778930" lon="2.789410">
						<ele>66</ele>
						<time>2026-07-24T21:21:59Z</time>
					</trkpt>
					<trkpt lat="50.778960" lon="2.789960">
						<ele>68</ele>
						<time>2026-07-24T21:22:06Z</time>
					</trkpt>
					<trkpt lat="50.779040" lon="2.790550">
						<ele>69</ele>
						<time>2026-07-24T21:22:12Z</time>
					</trkpt>
					<trkpt lat="50.778360" lon="2.790590">
						<ele>70</ele>
						<time>2026-07-24T21:22:25Z</time>
					</trkpt>
					<trkpt lat="50.778020" lon="2.790650">
						<ele>69</ele>
						<time>2026-07-24T21:22:31Z</time>
					</trkpt>
					<trkpt lat="50.777130" lon="2.791190">
						<ele>68</ele>
						<time>2026-07-24T21:22:48Z</time>
					</trkpt>
					<trkpt lat="50.776710" lon="2.791200">
						<ele>67</ele>
						<time>2026-07-24T21:22:55Z</time>
					</trkpt>
					<trkpt lat="50.776140" lon="2.790880">
						<ele>65</ele>
						<time>2026-07-24T21:23:06Z</time>
					</trkpt>
					<trkpt lat="50.775650" lon="2.790650">
						<ele>63</ele>
						<time>2026-07-24T21:23:15Z</time>
					</trkpt>
					<trkpt lat="50.774630" lon="2.790300">
						<ele>60</ele>
						<time>2026-07-24T21:23:34Z</time>
					</trkpt>
					<trkpt lat="50.774130" lon="2.789970">
						<ele>59</ele>
						<time>2026-07-24T21:23:43Z</time>
					</trkpt>
					<trkpt lat="50.773900" lon="2.789910">
						<ele>58</ele>
						<time>2026-07-24T21:23:47Z</time>
					</trkpt>
					<trkpt lat="50.773510" lon="2.789890">
						<ele>57</ele>
						<time>2026-07-24T21:23:54Z</time>
					</trkpt>
					<trkpt lat="50.772780" lon="2.790060">
						<ele>54</ele>
						<time>2026-07-24T21:24:07Z</time>
					</trkpt>
					<trkpt lat="50.772500" lon="2.790170">
						<ele>52</ele>
						<time>2026-07-24T21:24:13Z</time>
					</trkpt>
					<trkpt lat="50.772270" lon="2.790330">
						<ele>51</ele>
						<time>2026-07-24T21:24:17Z</time>
					</trkpt>
					<trkpt lat="50.771330" lon="2.791090">
						<ele>48</ele>
						<time>2026-07-24T21:24:36Z</time>
					</trkpt>
					<trkpt lat="50.770810" lon="2.791420">
						<ele>46</ele>
						<time>2026-07-24T21:24:46Z</time>
					</trkpt>
					<trkpt lat="50.770340" lon="2.791830">
						<ele>44</ele>
						<time>2026-07-24T21:24:55Z</time>
					</trkpt>
					<trkpt lat="50.770450" lon="2.792140">
						<ele>45</ele>
						<time>2026-07-24T21:24:59Z</time>
					</trkpt>
					<trkpt lat="50.770450" lon="2.792330">
						<ele>45</ele>
						<time>2026-07-24T21:25:01Z</time>
					</trkpt>
					<trkpt lat="50.770390" lon="2.792500">
						<ele>45</ele>
						<time>2026-07-24T21:25:04Z</time>
					</trkpt>
					<trkpt lat="50.770280" lon="2.792670">
						<ele>46</ele>
						<time>2026-07-24T21:25:06Z</time>
					</trkpt>
					<trkpt lat="50.770030" lon="2.792970">
						<ele>47</ele>
						<time>2026-07-24T21:25:12Z</time>
					</trkpt>
					<trkpt lat="50.769980" lon="2.793070">
						<ele>47</ele>
						<time>2026-07-24T21:25:13Z</time>
					</trkpt>
					<trkpt lat="50.769960" lon="2.793460">
						<ele>49</ele>
						<time>2026-07-24T21:25:18Z</time>
					</trkpt>
					<trkpt lat="50.770080" lon="2.794070">
						<ele>52</ele>
						<time>2026-07-24T21:25:25Z</time>
					</trkpt>
					<trkpt lat="50.770110" lon="2.794290">
						<ele>54</ele>
						<time>2026-07-24T21:25:27Z</time>
					</trkpt>
					<trkpt lat="50.770100" lon="2.794470">
						<ele>55</ele>
						<time>2026-07-24T21:25:30Z</time>
					</trkpt>
					<trkpt lat="50.770010" lon="2.794890">
						<ele>57</ele>
						<time>2026-07-24T21:25:35Z</time>
					</trkpt>
					<trkpt lat="50.769760" lon="2.795470">
						<ele>58</ele>
						<time>2026-07-24T21:25:42Z</time>
					</trkpt>
					<trkpt lat="50.769670" lon="2.795860">
						<ele>59</ele>
						<time>2026-07-24T21:25:47Z</time>
					</trkpt>
					<trkpt lat="50.769550" lon="2.797120">
						<ele>67</ele>
						<time>2026-07-24T21:26:01Z</time>
					</trkpt>
					<trkpt lat="50.769600" lon="2.797450">
						<ele>69</ele>
						<time>2026-07-24T21:26:05Z</time>
					</trkpt>
					<trkpt lat="50.769700" lon="2.797730">
						<ele>71</ele>
						<time>2026-07-24T21:26:09Z</time>
					</trkpt>
					<trkpt lat="50.770700" lon="2.799520">
						<ele>82</ele>
						<time>2026-07-24T21:26:36Z</time>
					</trkpt>
					<trkpt lat="50.770960" lon="2.800050">
						<ele>85</ele>
						<time>2026-07-24T21:26:43Z</time>
					</trkpt>
					<trkpt lat="50.771130" lon="2.800580">
						<ele>87</ele>
						<time>2026-07-24T21:26:50Z</time>
					</trkpt>
					<trkpt lat="50.771260" lon="2.801120">
						<ele>90</ele>
						<time>2026-07-24T21:26:56Z</time>
					</trkpt>
					<trkpt lat="50.771370" lon="2.801720">
						<ele>93</ele>
						<time>2026-07-24T21:27:04Z</time>
					</trkpt>
					<trkpt lat="50.771510" lon="2.802250">
						<ele>95</ele>
						<time>2026-07-24T21:27:10Z</time>
					</trkpt>
					<trkpt lat="50.771660" lon="2.802590">
						<ele>97</ele>
						<time>2026-07-24T21:27:15Z</time>
					</trkpt>
					<trkpt lat="50.772580" lon="2.804180">
						<ele>98</ele>
						<time>2026-07-24T21:27:39Z</time>
					</trkpt>
					<trkpt lat="50.772800" lon="2.804610">
						<ele>101</ele>
						<time>2026-07-24T21:27:45Z</time>
					</trkpt>
					<trkpt lat="50.772960" lon="2.805000">
						<ele>102</ele>
						<time>2026-07-24T21:27:50Z</time>
					</trkpt>
					<trkpt lat="50.773320" lon="2.806770">
						<ele>105</ele>
						<time>2026-07-24T21:28:11Z</time>
					</trkpt>
					<trkpt lat="50.773710" lon="2.808240">
						<ele>112</ele>
						<time>2026-07-24T21:28:29Z</time>
					</trkpt>
					<trkpt lat="50.774010" lon="2.809590">
						<ele>111</ele>
						<time>2026-07-24T21:28:45Z</time>
					</trkpt>
					<trkpt lat="50.774050" lon="2.809860">
						<ele>110</ele>
						<time>2026-07-24T21:28:48Z</time>
					</trkpt>
					<trkpt lat="50.774140" lon="2.811300">
						<ele>106</ele>
						<time>2026-07-24T21:29:05Z</time>
					</trkpt>
					<trkpt lat="50.774210" lon="2.811640">
						<ele>106</ele>
						<time>2026-07-24T21:29:09Z</time>
					</trkpt>
					<trkpt lat="50.774480" lon="2.812510">
						<ele>102</ele>
						<time>2026-07-24T21:29:20Z</time>
					</trkpt>
					<trkpt lat="50.774610" lon="2.812780">
						<ele>101</ele>
						<time>2026-07-24T21:29:23Z</time>
					</trkpt>
					<trkpt lat="50.775200" lon="2.813470">
						<ele>98</ele>
						<time>2026-07-24T21:29:36Z</time>
					</trkpt>
					<trkpt lat="50.775900" lon="2.813930">
						<ele>99</ele>
						<time>2026-07-24T21:29:50Z</time>
					</trkpt>
					<trkpt lat="50.775970" lon="2.814000">
						<ele>100</ele>
						<time>2026-07-24T21:29:51Z</time>
					</trkpt>
					<trkpt lat="50.776010" lon="2.814130">
						<ele>101</ele>
						<time>2026-07-24T21:29:53Z</time>
					</trkpt>
					<trkpt lat="50.776070" lon="2.814850">
						<ele>103</ele>
						<time>2026-07-24T21:30:01Z</time>
					</trkpt>
					<trkpt lat="50.776090" lon="2.816120">
						<ele>105</ele>
						<time>2026-07-24T21:30:16Z</time>
					</trkpt>
					<trkpt lat="50.776140" lon="2.816390">
						<ele>105</ele>
						<time>2026-07-24T21:30:19Z</time>
					</trkpt>
					<trkpt lat="50.776750" lon="2.817970">
						<ele>103</ele>
						<time>2026-07-24T21:30:40Z</time>
					</trkpt>
					<trkpt lat="50.776940" lon="2.818360">
						<ele>103</ele>
						<time>2026-07-24T21:30:45Z</time>
					</trkpt>
					<trkpt lat="50.776940" lon="2.818400">
						<ele>102</ele>
						<time>2026-07-24T21:30:46Z</time>
					</trkpt>
					<trkpt lat="50.778250" lon="2.820500">
						<ele>92</ele>
						<time>2026-07-24T21:31:19Z</time>
					</trkpt>
					<trkpt lat="50.778620" lon="2.820830">
						<ele>90</ele>
						<time>2026-07-24T21:31:26Z</time>
					</trkpt>
					<trkpt lat="50.779190" lon="2.821060">
						<ele>88</ele>
						<time>2026-07-24T21:31:37Z</time>
					</trkpt>
					<trkpt lat="50.779410" lon="2.821230">
						<ele>87</ele>
						<time>2026-07-24T21:31:41Z</time>
					</trkpt>
					<trkpt lat="50.779860" lon="2.821730">
						<ele>83</ele>
						<time>2026-07-24T21:31:51Z</time>
					</trkpt>
					<trkpt lat="50.780440" lon="2.822560">
						<ele>78</ele>
						<time>2026-07-24T21:32:05Z</time>
					</trkpt>
					<trkpt lat="50.780870" lon="2.823010">
						<ele>75</ele>
						<time>2026-07-24T21:32:14Z</time>
					</trkpt>
					<trkpt lat="50.782220" lon="2.824220">
						<ele>68</ele>
						<time>2026-07-24T21:32:42Z</time>
					</trkpt>
					<trkpt lat="50.782590" lon="2.824690">
						<ele>66</ele>
						<time>2026-07-24T21:32:50Z</time>
					</trkpt>
					<trkpt lat="50.783230" lon="2.825870">
						<ele>62</ele>
						<time>2026-07-24T21:33:08Z</time>
					</trkpt>
					<trkpt lat="50.783160" lon="2.826580">
						<ele>60</ele>
						<time>2026-07-24T21:33:16Z</time>
					</trkpt>
					<trkpt lat="50.783190" lon="2.826700">
						<ele>59</ele>
						<time>2026-07-24T21:33:17Z</time>
					</trkpt>
					<trkpt lat="50.783420" lon="2.827220">
						<ele>58</ele>
						<time>2026-07-24T21:33:24Z</time>
					</trkpt>
					<trkpt lat="50.783720" lon="2.827630">
						<ele>56</ele>
						<time>2026-07-24T21:33:31Z</time>
					</trkpt>
					<trkpt lat="50.784070" lon="2.826810">
						<ele>57</ele>
						<time>2026-07-24T21:33:42Z</time>
					</trkpt>
					<trkpt lat="50.784600" lon="2.827240">
						<ele>56</ele>
						<time>2026-07-24T21:33:53Z</time>
					</trkpt>
					<trkpt lat="50.786810" lon="2.828870">
						<ele>49</ele>
						<time>2026-07-24T21:34:36Z</time>
					</trkpt>
					<trkpt lat="50.788060" lon="2.829860">
						<ele>44</ele>
						<time>2026-07-24T21:35:01Z</time>
					</trkpt>
					<trkpt lat="50.788660" lon="2.830590">
						<ele>41</ele>
						<time>2026-07-24T21:35:15Z</time>
					</trkpt>
					<trkpt lat="50.788890" lon="2.830930">
						<ele>40</ele>
						<time>2026-07-24T21:35:20Z</time>
					</trkpt>
					<trkpt lat="50.789170" lon="2.831250">
						<ele>39</ele>
						<time>2026-07-24T21:35:26Z</time>
					</trkpt>
					<trkpt lat="50.790550" lon="2.832310">
						<ele>35</ele>
						<time>2026-07-24T21:35:54Z</time>
					</trkpt>
					<trkpt lat="50.794670" lon="2.834880">
						<ele>32</ele>
						<time>2026-07-24T21:37:13Z</time>
					</trkpt>
					<trkpt lat="50.794920" lon="2.835070">
						<ele>32</ele>
						<time>2026-07-24T21:37:17Z</time>
					</trkpt>
					<trkpt lat="50.795160" lon="2.835330">
						<ele>32</ele>
						<time>2026-07-24T21:37:23Z</time>
					</trkpt>
					<trkpt lat="50.796940" lon="2.837560">
						<ele>33</ele>
						<time>2026-07-24T21:38:03Z</time>
					</trkpt>
					<trkpt lat="50.797090" lon="2.837710">
						<ele>33</ele>
						<time>2026-07-24T21:38:06Z</time>
					</trkpt>
					<trkpt lat="50.797410" lon="2.837710">
						<ele>33</ele>
						<time>2026-07-24T21:38:12Z</time>
					</trkpt>
					<trkpt lat="50.797630" lon="2.837560">
						<ele>33</ele>
						<time>2026-07-24T21:38:16Z</time>
					</trkpt>
					<trkpt lat="50.799150" lon="2.836020">
						<ele>39</ele>
						<time>2026-07-24T21:38:48Z</time>
					</trkpt>
					<trkpt lat="50.799820" lon="2.838510">
						<ele>38</ele>
						<time>2026-07-24T21:39:19Z</time>
					</trkpt>
					<trkpt lat="50.800030" lon="2.839110">
						<ele>40</ele>
						<time>2026-07-24T21:39:26Z</time>
					</trkpt>
					<trkpt lat="50.802070" lon="2.843660">
						<ele>45</ele>
						<time>2026-07-24T21:40:29Z</time>
					</trkpt>
					<trkpt lat="50.802630" lon="2.844620">
						<ele>45</ele>
						<time>2026-07-24T21:40:44Z</time>
					</trkpt>
					<trkpt lat="50.802820" lon="2.844900">
						<ele>45</ele>
						<time>2026-07-24T21:40:48Z</time>
					</trkpt>
					<trkpt lat="50.803720" lon="2.845730">
						<ele>44</ele>
						<time>2026-07-24T21:41:07Z</time>
					</trkpt>
					<trkpt lat="50.803640" lon="2.845990">
						<ele>45</ele>
						<time>2026-07-24T21:41:10Z</time>
					</trkpt>
					<trkpt lat="50.804040" lon="2.846520">
						<ele>44</ele>
						<time>2026-07-24T21:41:20Z</time>
					</trkpt>
					<trkpt lat="50.804840" lon="2.847310">
						<ele>43</ele>
						<time>2026-07-24T21:41:36Z</time>
					</trkpt>
					<trkpt lat="50.806120" lon="2.849200">
						<ele>45</ele>
						<time>2026-07-24T21:42:07Z</time>
					</trkpt>
					<trkpt lat="50.806750" lon="2.849740">
						<ele>43</ele>
						<time>2026-07-24T21:42:20Z</time>
					</trkpt>
					<trkpt lat="50.806900" lon="2.849900">
						<ele>43</ele>
						<time>2026-07-24T21:42:23Z</time>
					</trkpt>
					<trkpt lat="50.807450" lon="2.850630">
						<ele>43</ele>
						<time>2026-07-24T21:42:36Z</time>
					</trkpt>
					<trkpt lat="50.808420" lon="2.851790">
						<ele>40</ele>
						<time>2026-07-24T21:42:58Z</time>
					</trkpt>
					<trkpt lat="50.809010" lon="2.852610">
						<ele>43</ele>
						<time>2026-07-24T21:43:12Z</time>
					</trkpt>
					<trkpt lat="50.809370" lon="2.853030">
						<ele>43</ele>
						<time>2026-07-24T21:43:20Z</time>
					</trkpt>
					<trkpt lat="50.809640" lon="2.853210">
						<ele>43</ele>
						<time>2026-07-24T21:43:25Z</time>
					</trkpt>
					<trkpt lat="50.811040" lon="2.853700">
						<ele>44</ele>
						<time>2026-07-24T21:43:51Z</time>
					</trkpt>
					<trkpt lat="50.811860" lon="2.854290">
						<ele>42</ele>
						<time>2026-07-24T21:44:07Z</time>
					</trkpt>
					<trkpt lat="50.812460" lon="2.854690">
						<ele>43</ele>
						<time>2026-07-24T21:44:18Z</time>
					</trkpt>
					<trkpt lat="50.812770" lon="2.854940">
						<ele>40</ele>
						<time>2026-07-24T21:44:24Z</time>
					</trkpt>
					<trkpt lat="50.813370" lon="2.855610">
						<ele>33</ele>
						<time>2026-07-24T21:44:37Z</time>
					</trkpt>
					<trkpt lat="50.813620" lon="2.855740">
						<ele>33</ele>
						<time>2026-07-24T21:44:42Z</time>
					</trkpt>
					<trkpt lat="50.814220" lon="2.855810">
						<ele>34</ele>
						<time>2026-07-24T21:44:53Z</time>
					</trkpt>
					<trkpt lat="50.815290" lon="2.856020">
						<ele>34</ele>
						<time>2026-07-24T21:45:12Z</time>
					</trkpt>
					<trkpt lat="50.816670" lon="2.855780">
						<ele>34</ele>
						<time>2026-07-24T21:45:37Z</time>
					</trkpt>
					<trkpt lat="50.817220" lon="2.855520">
						<ele>34</ele>
						<time>2026-07-24T21:45:47Z</time>
					</trkpt>
					<trkpt lat="50.817700" lon="2.855420">
						<ele>33</ele>
						<time>2026-07-24T21:45:55Z</time>
					</trkpt>
					<trkpt lat="50.817990" lon="2.855450">
						<ele>33</ele>
						<time>2026-07-24T21:46:01Z</time>
					</trkpt>
					<trkpt lat="50.819160" lon="2.855950">
						<ele>30</ele>
						<time>2026-07-24T21:46:22Z</time>
					</trkpt>
					<trkpt lat="50.819670" lon="2.856410">
						<ele>32</ele>
						<time>2026-07-24T21:46:33Z</time>
					</trkpt>
					<trkpt lat="50.822540" lon="2.858070">
						<ele>29</ele>
						<time>2026-07-24T21:47:27Z</time>
					</trkpt>
					<trkpt lat="50.824190" lon="2.859460">
						<ele>31</ele>
						<time>2026-07-24T21:48:00Z</time>
					</trkpt>
					<trkpt lat="50.826240" lon="2.861510">
						<ele>35</ele>
						<time>2026-07-24T21:48:43Z</time>
					</trkpt>
					<trkpt lat="50.827120" lon="2.862440">
						<ele>33</ele>
						<time>2026-07-24T21:49:02Z</time>
					</trkpt>
					<trkpt lat="50.827850" lon="2.863120">
						<ele>32</ele>
						<time>2026-07-24T21:49:17Z</time>
					</trkpt>
					<trkpt lat="50.828500" lon="2.863840">
						<ele>32</ele>
						<time>2026-07-24T21:49:31Z</time>
					</trkpt>
					<trkpt lat="50.829700" lon="2.865560">
						<ele>30</ele>
						<time>2026-07-24T21:50:00Z</time>
					</trkpt>
					<trkpt lat="50.830310" lon="2.866350">
						<ele>29</ele>
						<time>2026-07-24T21:50:14Z</time>
					</trkpt>
					<trkpt lat="50.831270" lon="2.867400">
						<ele>28</ele>
						<time>2026-07-24T21:50:35Z</time>
					</trkpt>
					<trkpt lat="50.831450" lon="2.867460">
						<ele>28</ele>
						<time>2026-07-24T21:50:38Z</time>
					</trkpt>
					<trkpt lat="50.831940" lon="2.867490">
						<ele>27</ele>
						<time>2026-07-24T21:50:47Z</time>
					</trkpt>
					<trkpt lat="50.832100" lon="2.867600">
						<ele>27</ele>
						<time>2026-07-24T21:50:50Z</time>
					</trkpt>
					<trkpt lat="50.832280" lon="2.867860">
						<ele>27</ele>
						<time>2026-07-24T21:50:54Z</time>
					</trkpt>
					<trkpt lat="50.832750" lon="2.868660">
						<ele>28</ele>
						<time>2026-07-24T21:51:07Z</time>
					</trkpt>
					<trkpt lat="50.832840" lon="2.868710">
						<ele>28</ele>
						<time>2026-07-24T21:51:08Z</time>
					</trkpt>
					<trkpt lat="50.832930" lon="2.868690">
						<ele>28</ele>
						<time>2026-07-24T21:51:10Z</time>
					</trkpt>
					<trkpt lat="50.833240" lon="2.868360">
						<ele>26</ele>
						<time>2026-07-24T21:51:17Z</time>
					</trkpt>
					<trkpt lat="50.833630" lon="2.868040">
						<ele>27</ele>
						<time>2026-07-24T21:51:25Z</time>
					</trkpt>
					<trkpt lat="50.833720" lon="2.868040">
						<ele>27</ele>
						<time>2026-07-24T21:51:26Z</time>
					</trkpt>
					<trkpt lat="50.833800" lon="2.868130">
						<ele>27</ele>
						<time>2026-07-24T21:51:28Z</time>
					</trkpt>
					<trkpt lat="50.834390" lon="2.869570">
						<ele>26</ele>
						<time>2026-07-24T21:51:47Z</time>
					</trkpt>
					<trkpt lat="50.834470" lon="2.869630">
						<ele>26</ele>
						<time>2026-07-24T21:51:49Z</time>
					</trkpt>
					<trkpt lat="50.834560" lon="2.869650">
						<ele>26</ele>
						<time>2026-07-24T21:51:50Z</time>
					</trkpt>
					<trkpt lat="50.835270" lon="2.869600">
						<ele>25</ele>
						<time>2026-07-24T21:52:03Z</time>
					</trkpt>
					<trkpt lat="50.836070" lon="2.869590">
						<ele>24</ele>
						<time>2026-07-24T21:52:17Z</time>
					</trkpt>
					<trkpt lat="50.836230" lon="2.869530">
						<ele>24</ele>
						<time>2026-07-24T21:52:20Z</time>
					</trkpt>
					<trkpt lat="50.836830" lon="2.869020">
						<ele>25</ele>
						<time>2026-07-24T21:52:32Z</time>
					</trkpt>
					<trkpt lat="50.836940" lon="2.869000">
						<ele>25</ele>
						<time>2026-07-24T21:52:34Z</time>
					</trkpt>
					<trkpt lat="50.837650" lon="2.869100">
						<ele>25</ele>
						<time>2026-07-24T21:52:47Z</time>
					</trkpt>
					<trkpt lat="50.837780" lon="2.869220">
						<ele>24</ele>
						<time>2026-07-24T21:52:50Z</time>
					</trkpt>
					<trkpt lat="50.839010" lon="2.871290">
						<ele>22</ele>
						<time>2026-07-24T21:53:22Z</time>
					</trkpt>
					<trkpt lat="50.839970" lon="2.872290">
						<ele>22</ele>
						<time>2026-07-24T21:53:42Z</time>
					</trkpt>
					<trkpt lat="50.840470" lon="2.872730">
						<ele>22</ele>
						<time>2026-07-24T21:53:52Z</time>
					</trkpt>
					<trkpt lat="50.841330" lon="2.873120">
						<ele>22</ele>
						<time>2026-07-24T21:54:08Z</time>
					</trkpt>
					<trkpt lat="50.841680" lon="2.873190">
						<ele>22</ele>
						<time>2026-07-24T21:54:14Z</time>
					</trkpt>
					<trkpt lat="50.842230" lon="2.873110">
						<ele>23</ele>
						<time>2026-07-24T21:54:24Z</time>
					</trkpt>
					<trkpt lat="50.842580" lon="2.872970">
						<ele>23</ele>
						<time>2026-07-24T21:54:31Z</time>
					</trkpt>
					<trkpt lat="50.842130" lon="2.872190">
						<ele>23</ele>
						<time>2026-07-24T21:54:42Z</time>
					</trkpt>
					<trkpt lat="50.841490" lon="2.871280">
						<ele>24</ele>
						<time>2026-07-24T21:54:58Z</time>
					</trkpt>
					<trkpt lat="50.841220" lon="2.870630">
						<ele>24</ele>
						<time>2026-07-24T21:55:07Z</time>
					</trkpt>
					<trkpt lat="50.839440" lon="2.865790">
						<ele>24</ele>
						<time>2026-07-24T21:56:09Z</time>
					</trkpt>
					<trkpt lat="50.839340" lon="2.865570">
						<ele>24</ele>
						<time>2026-07-24T21:56:12Z</time>
					</trkpt>
					<trkpt lat="50.839150" lon="2.865290">
						<ele>25</ele>
						<time>2026-07-24T21:56:17Z</time>
					</trkpt>
					<trkpt lat="50.839020" lon="2.865150">
						<ele>25</ele>
						<time>2026-07-24T21:56:20Z</time>
					</trkpt>
					<trkpt lat="50.839030" lon="2.864800">
						<ele>26</ele>
						<time>2026-07-24T21:56:24Z</time>
					</trkpt>
					<trkpt lat="50.838340" lon="2.862180">
						<ele>26</ele>
						<time>2026-07-24T21:56:56Z</time>
					</trkpt>
					<trkpt lat="50.838190" lon="2.861480">
						<ele>26</ele>
						<time>2026-07-24T21:57:04Z</time>
					</trkpt>
					<trkpt lat="50.838040" lon="2.860320">
						<ele>25</ele>
						<time>2026-07-24T21:57:17Z</time>
					</trkpt>
					<trkpt lat="50.837910" lon="2.857520">
						<ele>25</ele>
						<time>2026-07-24T21:57:49Z</time>
					</trkpt>
					<trkpt lat="50.838080" lon="2.855950">
						<ele>24</ele>
						<time>2026-07-24T21:58:07Z</time>
					</trkpt>
					<trkpt lat="50.838260" lon="2.853170">
						<ele>23</ele>
						<time>2026-07-24T21:58:38Z</time>
					</trkpt>
					<trkpt lat="50.838350" lon="2.851190">
						<ele>20</ele>
						<time>2026-07-24T21:59:00Z</time>
					</trkpt>
					<trkpt lat="50.838420" lon="2.850570">
						<ele>20</ele>
						<time>2026-07-24T21:59:08Z</time>
					</trkpt>
					<trkpt lat="50.838510" lon="2.850360">
						<ele>20</ele>
						<time>2026-07-24T21:59:10Z</time>
					</trkpt>
					<trkpt lat="50.838630" lon="2.850290">
						<ele>20</ele>
						<time>2026-07-24T21:59:13Z</time>
					</trkpt>
					<trkpt lat="50.839490" lon="2.850090">
						<ele>20</ele>
						<time>2026-07-24T21:59:28Z</time>
					</trkpt>
					<trkpt lat="50.839740" lon="2.849950">
						<ele>20</ele>
						<time>2026-07-24T21:59:33Z</time>
					</trkpt>
					<trkpt lat="50.840250" lon="2.849820">
						<ele>19</ele>
						<time>2026-07-24T21:59:42Z</time>
					</trkpt>
					<trkpt lat="50.840390" lon="2.849670">
						<ele>19</ele>
						<time>2026-07-24T21:59:45Z</time>
					</trkpt>
					<trkpt lat="50.840440" lon="2.849490">
						<ele>18</ele>
						<time>2026-07-24T21:59:47Z</time>
					</trkpt>
					<trkpt lat="50.840450" lon="2.849240">
						<ele>18</ele>
						<time>2026-07-24T21:59:50Z</time>
					</trkpt>
					<trkpt lat="50.840390" lon="2.848390">
						<ele>18</ele>
						<time>2026-07-24T22:00:00Z</time>
					</trkpt>
					<trkpt lat="50.840390" lon="2.847910">
						<ele>18</ele>
						<time>2026-07-24T22:00:05Z</time>
					</trkpt>
					<trkpt lat="50.840480" lon="2.846850">
						<ele>16</ele>
						<time>2026-07-24T22:00:17Z</time>
					</trkpt>
					<trkpt lat="50.840470" lon="2.846640">
						<ele>15</ele>
						<time>2026-07-24T22:00:19Z</time>
					</trkpt>
					<trkpt lat="50.839990" lon="2.844900">
						<ele>15</ele>
						<time>2026-07-24T22:00:41Z</time>
					</trkpt>
					<trkpt lat="50.839480" lon="2.843490">
						<ele>17</ele>
						<time>2026-07-24T22:00:59Z</time>
					</trkpt>
					<trkpt lat="50.839270" lon="2.842760">
						<ele>17</ele>
						<time>2026-07-24T22:01:08Z</time>
					</trkpt>
					<trkpt lat="50.839250" lon="2.842630">
						<ele>17</ele>
						<time>2026-07-24T22:01:10Z</time>
					</trkpt>
					<trkpt lat="50.839260" lon="2.842440">
						<ele>17</ele>
						<time>2026-07-24T22:01:12Z</time>
					</trkpt>
					<trkpt lat="50.839350" lon="2.842250">
						<ele>17</ele>
						<time>2026-07-24T22:01:14Z</time>
					</trkpt>
					<trkpt lat="50.839550" lon="2.842040">
						<ele>17</ele>
						<time>2026-07-24T22:01:19Z</time>
					</trkpt>
					<trkpt lat="50.839580" lon="2.841980">
						<ele>17</ele>
						<time>2026-07-24T22:01:20Z</time>
					</trkpt>
					<trkpt lat="50.839640" lon="2.841740">
						<ele>17</ele>
						<time>2026-07-24T22:01:22Z</time>
					</trkpt>
					<trkpt lat="50.839630" lon="2.841520">
						<ele>18</ele>
						<time>2026-07-24T22:01:25Z</time>
					</trkpt>
					<trkpt lat="50.839340" lon="2.840370">
						<ele>17</ele>
						<time>2026-07-24T22:01:39Z</time>
					</trkpt>
					<trkpt lat="50.839290" lon="2.840060">
						<ele>17</ele>
						<time>2026-07-24T22:01:42Z</time>
					</trkpt>
					<trkpt lat="50.839240" lon="2.839920">
						<ele>17</ele>
						<time>2026-07-24T22:01:44Z</time>
					</trkpt>
					<trkpt lat="50.838810" lon="2.839240">
						<ele>17</ele>
						<time>2026-07-24T22:01:55Z</time>
					</trkpt>
					<trkpt lat="50.838620" lon="2.838720">
						<ele>16</ele>
						<time>2026-07-24T22:02:02Z</time>
					</trkpt>
					<trkpt lat="50.838530" lon="2.838200">
						<ele>16</ele>
						<time>2026-07-24T22:02:08Z</time>
					</trkpt>
					<trkpt lat="50.838230" lon="2.835730">
						<ele>18</ele>
						<time>2026-07-24T22:02:36Z</time>
					</trkpt>
					<trkpt lat="50.838100" lon="2.834990">
						<ele>18</ele>
						<time>2026-07-24T22:02:45Z</time>
					</trkpt>
					<trkpt lat="50.838080" lon="2.834680">
						<ele>19</ele>
						<time>2026-07-24T22:02:48Z</time>
					</trkpt>
					<trkpt lat="50.838170" lon="2.833720">
						<ele>20</ele>
						<time>2026-07-24T22:02:59Z</time>
					</trkpt>
					<trkpt lat="50.838170" lon="2.833400">
						<ele>21</ele>
						<time>2026-07-24T22:03:03Z</time>
					</trkpt>
					<trkpt lat="50.837940" lon="2.832140">
						<ele>19</ele>
						<time>2026-07-24T22:03:17Z</time>
					</trkpt>
					<trkpt lat="50.837910" lon="2.831750">
						<ele>19</ele>
						<time>2026-07-24T22:03:22Z</time>
					</trkpt>
					<trkpt lat="50.837980" lon="2.831500">
						<ele>19</ele>
						<time>2026-07-24T22:03:25Z</time>
					</trkpt>
					<trkpt lat="50.838290" lon="2.831040">
						<ele>19</ele>
						<time>2026-07-24T22:03:33Z</time>
					</trkpt>
					<trkpt lat="50.839040" lon="2.829760">
						<ele>19</ele>
						<time>2026-07-24T22:03:52Z</time>
					</trkpt>
					<trkpt lat="50.839400" lon="2.829020">
						<ele>19</ele>
						<time>2026-07-24T22:04:03Z</time>
					</trkpt>
					<trkpt lat="50.839530" lon="2.828630">
						<ele>19</ele>
						<time>2026-07-24T22:04:08Z</time>
					</trkpt>
					<trkpt lat="50.839750" lon="2.827810">
						<ele>19</ele>
						<time>2026-07-24T22:04:18Z</time>
					</trkpt>
					<trkpt lat="50.840120" lon="2.826730">
						<ele>17</ele>
						<time>2026-07-24T22:04:31Z</time>
					</trkpt>
					<trkpt lat="50.840460" lon="2.825490">
						<ele>18</ele>
						<time>2026-07-24T22:04:47Z</time>
					</trkpt>
					<trkpt lat="50.840970" lon="2.823160">
						<ele>18</ele>
						<time>2026-07-24T22:05:14Z</time>
					</trkpt>
					<trkpt lat="50.841230" lon="2.822370">
						<ele>17</ele>
						<time>2026-07-24T22:05:24Z</time>
					</trkpt>
					<trkpt lat="50.841430" lon="2.821870">
						<ele>16</ele>
						<time>2026-07-24T22:05:31Z</time>
					</trkpt>
					<trkpt lat="50.841820" lon="2.821070">
						<ele>15</ele>
						<time>2026-07-24T22:05:42Z</time>
					</trkpt>
					<trkpt lat="50.842460" lon="2.820130">
						<ele>16</ele>
						<time>2026-07-24T22:05:58Z</time>
					</trkpt>
					<trkpt lat="50.842620" lon="2.819840">
						<ele>16</ele>
						<time>2026-07-24T22:06:02Z</time>
					</trkpt>
					<trkpt lat="50.842770" lon="2.819390">
						<ele>16</ele>
						<time>2026-07-24T22:06:08Z</time>
					</trkpt>
					<trkpt lat="50.843010" lon="2.818890">
						<ele>16</ele>
						<time>2026-07-24T22:06:15Z</time>
					</trkpt>
					<trkpt lat="50.843310" lon="2.818400">
						<ele>16</ele>
						<time>2026-07-24T22:06:23Z</time>
					</trkpt>
					<trkpt lat="50.844290" lon="2.817230">
						<ele>17</ele>
						<time>2026-07-24T22:06:44Z</time>
					</trkpt>
					<trkpt lat="50.844660" lon="2.816690">
						<ele>16</ele>
						<time>2026-07-24T22:06:53Z</time>
					</trkpt>
					<trkpt lat="50.845710" lon="2.815420">
						<ele>16</ele>
						<time>2026-07-24T22:07:17Z</time>
					</trkpt>
					<trkpt lat="50.845900" lon="2.815660">
						<ele>16</ele>
						<time>2026-07-24T22:07:21Z</time>
					</trkpt>
					<trkpt lat="50.846040" lon="2.815790">
						<ele>16</ele>
						<time>2026-07-24T22:07:24Z</time>
					</trkpt>
					<trkpt lat="50.847930" lon="2.816940">
						<ele>17</ele>
						<time>2026-07-24T22:08:00Z</time>
					</trkpt>
					<trkpt lat="50.848420" lon="2.815740">
						<ele>15</ele>
						<time>2026-07-24T22:08:16Z</time>
					</trkpt>
					<trkpt lat="50.848450" lon="2.815610">
						<ele>15</ele>
						<time>2026-07-24T22:08:18Z</time>
					</trkpt>
					<trkpt lat="50.848670" lon="2.813070">
						<ele>18</ele>
						<time>2026-07-24T22:08:47Z</time>
					</trkpt>
					<trkpt lat="50.848740" lon="2.812810">
						<ele>18</ele>
						<time>2026-07-24T22:08:50Z</time>
					</trkpt>
					<trkpt lat="50.848880" lon="2.812570">
						<ele>19</ele>
						<time>2026-07-24T22:08:53Z</time>
					</trkpt>
					<trkpt lat="50.849820" lon="2.811490">
						<ele>19</ele>
						<time>2026-07-24T22:09:14Z</time>
					</trkpt>
					<trkpt lat="50.851700" lon="2.809220">
						<ele>21</ele>
						<time>2026-07-24T22:09:56Z</time>
					</trkpt>
					<trkpt lat="50.851030" lon="2.807990">
						<ele>21</ele>
						<time>2026-07-24T22:10:14Z</time>
					</trkpt>
					<trkpt lat="50.850890" lon="2.807650">
						<ele>20</ele>
						<time>2026-07-24T22:10:19Z</time>
					</trkpt>
					<trkpt lat="50.850770" lon="2.807210">
						<ele>20</ele>
						<time>2026-07-24T22:10:24Z</time>
					</trkpt>
					<trkpt lat="50.850660" lon="2.806500">
						<ele>21</ele>
						<time>2026-07-24T22:10:33Z</time>
					</trkpt>
					<trkpt lat="50.850590" lon="2.805800">
						<ele>21</ele>
						<time>2026-07-24T22:10:41Z</time>
					</trkpt>
					<trkpt lat="50.850500" lon="2.804440">
						<ele>22</ele>
						<time>2026-07-24T22:10:56Z</time>
					</trkpt>
					<trkpt lat="50.850350" lon="2.803490">
						<ele>22</ele>
						<time>2026-07-24T22:11:07Z</time>
					</trkpt>
					<trkpt lat="50.850160" lon="2.802730">
						<ele>23</ele>
						<time>2026-07-24T22:11:16Z</time>
					</trkpt>
					<trkpt lat="50.850090" lon="2.802300">
						<ele>23</ele>
						<time>2026-07-24T22:11:21Z</time>
					</trkpt>
					<trkpt lat="50.850020" lon="2.801600">
						<ele>22</ele>
						<time>2026-07-24T22:11:29Z</time>
					</trkpt>
					<trkpt lat="50.849260" lon="2.798990">
						<ele>27</ele>
						<time>2026-07-24T22:12:01Z</time>
					</trkpt>
					<trkpt lat="50.848940" lon="2.797480">
						<ele>27</ele>
						<time>2026-07-24T22:12:19Z</time>
					</trkpt>
					<trkpt lat="50.848410" lon="2.795410">
						<ele>27</ele>
						<time>2026-07-24T22:12:44Z</time>
					</trkpt>
					<trkpt lat="50.848230" lon="2.794400">
						<ele>28</ele>
						<time>2026-07-24T22:12:56Z</time>
					</trkpt>
					<trkpt lat="50.847770" lon="2.792250">
						<ele>28</ele>
						<time>2026-07-24T22:13:22Z</time>
					</trkpt>
					<trkpt lat="50.847080" lon="2.789230">
						<ele>29</ele>
						<time>2026-07-24T22:13:58Z</time>
					</trkpt>
					<trkpt lat="50.846840" lon="2.787710">
						<ele>27</ele>
						<time>2026-07-24T22:14:15Z</time>
					</trkpt>
					<trkpt lat="50.846300" lon="2.785260">
						<ele>29</ele>
						<time>2026-07-24T22:14:44Z</time>
					</trkpt>
					<trkpt lat="50.846120" lon="2.784640">
						<ele>30</ele>
						<time>2026-07-24T22:14:52Z</time>
					</trkpt>
					<trkpt lat="50.846000" lon="2.784350">
						<ele>30</ele>
						<time>2026-07-24T22:14:56Z</time>
					</trkpt>
					<trkpt lat="50.845270" lon="2.782900">
						<ele>31</ele>
						<time>2026-07-24T22:15:17Z</time>
					</trkpt>
					<trkpt lat="50.844850" lon="2.781900">
						<ele>31</ele>
						<time>2026-07-24T22:15:30Z</time>
					</trkpt>
					<trkpt lat="50.844430" lon="2.781020">
						<ele>31</ele>
						<time>2026-07-24T22:15:43Z</time>
					</trkpt>
					<trkpt lat="50.843650" lon="2.779750">
						<ele>31</ele>
						<time>2026-07-24T22:16:03Z</time>
					</trkpt>
					<trkpt lat="50.843420" lon="2.778270">
						<ele>31</ele>
						<time>2026-07-24T22:16:20Z</time>
					</trkpt>
					<trkpt lat="50.843300" lon="2.777720">
						<ele>32</ele>
						<time>2026-07-24T22:16:26Z</time>
					</trkpt>
					<trkpt lat="50.842640" lon="2.775710">
						<ele>32</ele>
						<time>2026-07-24T22:16:52Z</time>
					</trkpt>
					<trkpt lat="50.842450" lon="2.775220">
						<ele>31</ele>
						<time>2026-07-24T22:16:58Z</time>
					</trkpt>
					<trkpt lat="50.841970" lon="2.774330">
						<ele>31</ele>
						<time>2026-07-24T22:17:11Z</time>
					</trkpt>
					<trkpt lat="50.841910" lon="2.774100">
						<ele>30</ele>
						<time>2026-07-24T22:17:14Z</time>
					</trkpt>
					<trkpt lat="50.841880" lon="2.773910">
						<ele>30</ele>
						<time>2026-07-24T22:17:16Z</time>
					</trkpt>
					<trkpt lat="50.841860" lon="2.772970">
						<ele>31</ele>
						<time>2026-07-24T22:17:27Z</time>
					</trkpt>
					<trkpt lat="50.841810" lon="2.772310">
						<ele>31</ele>
						<time>2026-07-24T22:17:34Z</time>
					</trkpt>
					<trkpt lat="50.841620" lon="2.771060">
						<ele>32</ele>
						<time>2026-07-24T22:17:49Z</time>
					</trkpt>
					<trkpt lat="50.841610" lon="2.770830">
						<ele>32</ele>
						<time>2026-07-24T22:17:51Z</time>
					</trkpt>
					<trkpt lat="50.841490" lon="2.770890">
						<ele>33</ele>
						<time>2026-07-24T22:17:54Z</time>
					</trkpt>
					<trkpt lat="50.840780" lon="2.771630">
						<ele>34</ele>
						<time>2026-07-24T22:18:09Z</time>
					</trkpt>
					<trkpt lat="50.840600" lon="2.771910">
						<ele>33</ele>
						<time>2026-07-24T22:18:13Z</time>
					</trkpt>
					<trkpt lat="50.839630" lon="2.773970">
						<ele>30</ele>
						<time>2026-07-24T22:18:42Z</time>
					</trkpt>
					<trkpt lat="50.839320" lon="2.773650">
						<ele>30</ele>
						<time>2026-07-24T22:18:49Z</time>
					</trkpt>
					<trkpt lat="50.838450" lon="2.772510">
						<ele>30</ele>
						<time>2026-07-24T22:19:09Z</time>
					</trkpt>
					<trkpt lat="50.838360" lon="2.772490">
						<ele>30</ele>
						<time>2026-07-24T22:19:10Z</time>
					</trkpt>
					<trkpt lat="50.838270" lon="2.772560">
						<ele>30</ele>
						<time>2026-07-24T22:19:12Z</time>
					</trkpt>
					<trkpt lat="50.838090" lon="2.772890">
						<ele>30</ele>
						<time>2026-07-24T22:19:17Z</time>
					</trkpt>
					<trkpt lat="50.838010" lon="2.772960">
						<ele>30</ele>
						<time>2026-07-24T22:19:19Z</time>
					</trkpt>
					<trkpt lat="50.837910" lon="2.772930">
						<ele>31</ele>
						<time>2026-07-24T22:19:21Z</time>
					</trkpt>
					<trkpt lat="50.837330" lon="2.772260">
						<ele>30</ele>
						<time>2026-07-24T22:19:33Z</time>
					</trkpt>
					<trkpt lat="50.837210" lon="2.772220">
						<ele>30</ele>
						<time>2026-07-24T22:19:35Z</time>
					</trkpt>
					<trkpt lat="50.837150" lon="2.772230">
						<ele>30</ele>
						<time>2026-07-24T22:19:37Z</time>
					</trkpt>
					<trkpt lat="50.836620" lon="2.772620">
						<ele>29</ele>
						<time>2026-07-24T22:19:47Z</time>
					</trkpt>
					<trkpt lat="50.836560" lon="2.772630">
						<ele>29</ele>
						<time>2026-07-24T22:19:48Z</time>
					</trkpt>
					<trkpt lat="50.835290" lon="2.771820">
						<ele>29</ele>
						<time>2026-07-24T22:20:12Z</time>
					</trkpt>
					<trkpt lat="50.834960" lon="2.771730">
						<ele>29</ele>
						<time>2026-07-24T22:20:18Z</time>
					</trkpt>
					<trkpt lat="50.834340" lon="2.771900">
						<ele>30</ele>
						<time>2026-07-24T22:20:30Z</time>
					</trkpt>
					<trkpt lat="50.832690" lon="2.772100">
						<ele>32</ele>
						<time>2026-07-24T22:20:59Z</time>
					</trkpt>
					<trkpt lat="50.832260" lon="2.772220">
						<ele>33</ele>
						<time>2026-07-24T22:21:07Z</time>
					</trkpt>
					<trkpt lat="50.831740" lon="2.772320">
						<ele>34</ele>
						<time>2026-07-24T22:21:16Z</time>
					</trkpt>
					<trkpt lat="50.831610" lon="2.772260">
						<ele>34</ele>
						<time>2026-07-24T22:21:18Z</time>
					</trkpt>
					<trkpt lat="50.831560" lon="2.772210">
						<ele>34</ele>
						<time>2026-07-24T22:21:20Z</time>
					</trkpt>
					<trkpt lat="50.830900" lon="2.772870">
						<ele>34</ele>
						<time>2026-07-24T22:21:33Z</time>
					</trkpt>
					<trkpt lat="50.830400" lon="2.773440">
						<ele>34</ele>
						<time>2026-07-24T22:21:44Z</time>
					</trkpt>
					<trkpt lat="50.829000" lon="2.775650">
						<ele>30</ele>
						<time>2026-07-24T22:22:20Z</time>
					</trkpt>
					<trkpt lat="50.825810" lon="2.780570">
						<ele>24</ele>
						<time>2026-07-24T22:23:39Z</time>
					</trkpt>
					<trkpt lat="50.825180" lon="2.781530">
						<ele>23</ele>
						<time>2026-07-24T22:23:54Z</time>
					</trkpt>
					<trkpt lat="50.824880" lon="2.781870">
						<ele>23</ele>
						<time>2026-07-24T22:24:01Z</time>
					</trkpt>
					<trkpt lat="50.824390" lon="2.782260">
						<ele>25</ele>
						<time>2026-07-24T22:24:11Z</time>
					</trkpt>
					<trkpt lat="50.823630" lon="2.780650">
						<ele>27</ele>
						<time>2026-07-24T22:24:33Z</time>
					</trkpt>
					<trkpt lat="50.822330" lon="2.782220">
						<ele>27</ele>
						<time>2026-07-24T22:25:02Z</time>
					</trkpt>
					<trkpt lat="50.821940" lon="2.782770">
						<ele>27</ele>
						<time>2026-07-24T22:25:12Z</time>
					</trkpt>
					<trkpt lat="50.821360" lon="2.783870">
						<ele>28</ele>
						<time>2026-07-24T22:25:28Z</time>
					</trkpt>
					<trkpt lat="50.820530" lon="2.785340">
						<ele>30</ele>
						<time>2026-07-24T22:25:50Z</time>
					</trkpt>
					<trkpt lat="50.819250" lon="2.787790">
						<ele>28</ele>
						<time>2026-07-24T22:26:26Z</time>
					</trkpt>
					<trkpt lat="50.818310" lon="2.789740">
						<ele>28</ele>
						<time>2026-07-24T22:26:53Z</time>
					</trkpt>
					<trkpt lat="50.817660" lon="2.790730">
						<ele>30</ele>
						<time>2026-07-24T22:27:09Z</time>
					</trkpt>
					<trkpt lat="50.817090" lon="2.791740">
						<ele>31</ele>
						<time>2026-07-24T22:27:25Z</time>
					</trkpt>
					<trkpt lat="50.816050" lon="2.793730">
						<ele>34</ele>
						<time>2026-07-24T22:27:54Z</time>
					</trkpt>
					<trkpt lat="50.815880" lon="2.793290">
						<ele>34</ele>
						<time>2026-07-24T22:27:59Z</time>
					</trkpt>
					<trkpt lat="50.815760" lon="2.792790">
						<ele>34</ele>
						<time>2026-07-24T22:28:05Z</time>
					</trkpt>
					<trkpt lat="50.815650" lon="2.792550">
						<ele>34</ele>
						<time>2026-07-24T22:28:09Z</time>
					</trkpt>
					<trkpt lat="50.813670" lon="2.790230">
						<ele>39</ele>
						<time>2026-07-24T22:28:53Z</time>
					</trkpt>
					<trkpt lat="50.813150" lon="2.789150">
						<ele>40</ele>
						<time>2026-07-24T22:29:08Z</time>
					</trkpt>
					<trkpt lat="50.812650" lon="2.788300">
						<ele>41</ele>
						<time>2026-07-24T22:29:21Z</time>
					</trkpt>
					<trkpt lat="50.812510" lon="2.788140">
						<ele>42</ele>
						<time>2026-07-24T22:29:24Z</time>
					</trkpt>
					<trkpt lat="50.811700" lon="2.787650">
						<ele>44</ele>
						<time>2026-07-24T22:29:39Z</time>
					</trkpt>
					<trkpt lat="50.811690" lon="2.787680">
						<ele>44</ele>
						<time>2026-07-24T22:29:40Z</time>
					</trkpt>
					<trkpt lat="50.810550" lon="2.786030">
						<ele>44</ele>
						<time>2026-07-24T22:30:07Z</time>
					</trkpt>
					<trkpt lat="50.809980" lon="2.785340">
						<ele>45</ele>
						<time>2026-07-24T22:30:20Z</time>
					</trkpt>
					<trkpt lat="50.809380" lon="2.784710">
						<ele>46</ele>
						<time>2026-07-24T22:30:33Z</time>
					</trkpt>
					<trkpt lat="50.808900" lon="2.783570">
						<ele>46</ele>
						<time>2026-07-24T22:30:48Z</time>
					</trkpt>
					<trkpt lat="50.807930" lon="2.781820">
						<ele>48</ele>
						<time>2026-07-24T22:31:14Z</time>
					</trkpt>
					<trkpt lat="50.808200" lon="2.781400">
						<ele>45</ele>
						<time>2026-07-24T22:31:21Z</time>
					</trkpt>
					<trkpt lat="50.808830" lon="2.780270">
						<ele>40</ele>
						<time>2026-07-24T22:31:38Z</time>
					</trkpt>
					<trkpt lat="50.809360" lon="2.779500">
						<ele>38</ele>
						<time>2026-07-24T22:31:51Z</time>
					</trkpt>
					<trkpt lat="50.809640" lon="2.779200">
						<ele>38</ele>
						<time>2026-07-24T22:31:57Z</time>
					</trkpt>
					<trkpt lat="50.810090" lon="2.779090">
						<ele>38</ele>
						<time>2026-07-24T22:32:05Z</time>
					</trkpt>
					<trkpt lat="50.810240" lon="2.778920">
						<ele>38</ele>
						<time>2026-07-24T22:32:08Z</time>
					</trkpt>
					<trkpt lat="50.810460" lon="2.778490">
						<ele>38</ele>
						<time>2026-07-24T22:32:14Z</time>
					</trkpt>
					<trkpt lat="50.810930" lon="2.777290">
						<ele>40</ele>
						<time>2026-07-24T22:32:30Z</time>
					</trkpt>
					<trkpt lat="50.811380" lon="2.776020">
						<ele>43</ele>
						<time>2026-07-24T22:32:47Z</time>
					</trkpt>
					<trkpt lat="50.811510" lon="2.775570">
						<ele>44</ele>
						<time>2026-07-24T22:32:52Z</time>
					</trkpt>
					<trkpt lat="50.811720" lon="2.774610">
						<ele>45</ele>
						<time>2026-07-24T22:33:04Z</time>
					</trkpt>
					<trkpt lat="50.812000" lon="2.773920">
						<ele>46</ele>
						<time>2026-07-24T22:33:13Z</time>
					</trkpt>
					<trkpt lat="50.812130" lon="2.773810">
						<ele>46</ele>
						<time>2026-07-24T22:33:16Z</time>
					</trkpt>
					<trkpt lat="50.812520" lon="2.773700">
						<ele>45</ele>
						<time>2026-07-24T22:33:23Z</time>
					</trkpt>
					<trkpt lat="50.812670" lon="2.773600">
						<ele>45</ele>
						<time>2026-07-24T22:33:26Z</time>
					</trkpt>
					<trkpt lat="50.813310" lon="2.773000">
						<ele>41</ele>
						<time>2026-07-24T22:33:39Z</time>
					</trkpt>
					<trkpt lat="50.813570" lon="2.772650">
						<ele>40</ele>
						<time>2026-07-24T22:33:45Z</time>
					</trkpt>
					<trkpt lat="50.813740" lon="2.772310">
						<ele>40</ele>
						<time>2026-07-24T22:33:50Z</time>
					</trkpt>
					<trkpt lat="50.813210" lon="2.772290">
						<ele>42</ele>
						<time>2026-07-24T22:33:59Z</time>
					</trkpt>
					<trkpt lat="50.812860" lon="2.772200">
						<ele>44</ele>
						<time>2026-07-24T22:34:05Z</time>
					</trkpt>
					<trkpt lat="50.812030" lon="2.771560">
						<ele>47</ele>
						<time>2026-07-24T22:34:22Z</time>
					</trkpt>
					<trkpt lat="50.811530" lon="2.771040">
						<ele>50</ele>
						<time>2026-07-24T22:34:33Z</time>
					</trkpt>
					<trkpt lat="50.811300" lon="2.770890">
						<ele>51</ele>
						<time>2026-07-24T22:34:37Z</time>
					</trkpt>
					<trkpt lat="50.810840" lon="2.770660">
						<ele>54</ele>
						<time>2026-07-24T22:34:46Z</time>
					</trkpt>
					<trkpt lat="50.810120" lon="2.770510">
						<ele>55</ele>
						<time>2026-07-24T22:34:58Z</time>
					</trkpt>
					<trkpt lat="50.810010" lon="2.770420">
						<ele>55</ele>
						<time>2026-07-24T22:35:01Z</time>
					</trkpt>
					<trkpt lat="50.809970" lon="2.770340">
						<ele>55</ele>
						<time>2026-07-24T22:35:02Z</time>
					</trkpt>
					<trkpt lat="50.810140" lon="2.770060">
						<ele>56</ele>
						<time>2026-07-24T22:35:06Z</time>
					</trkpt>
					<trkpt lat="50.810350" lon="2.769560">
						<ele>55</ele>
						<time>2026-07-24T22:35:13Z</time>
					</trkpt>
					<trkpt lat="50.809950" lon="2.769030">
						<ele>56</ele>
						<time>2026-07-24T22:35:22Z</time>
					</trkpt>
					<trkpt lat="50.809390" lon="2.768020">
						<ele>54</ele>
						<time>2026-07-24T22:35:37Z</time>
					</trkpt>
					<trkpt lat="50.809340" lon="2.767720">
						<ele>53</ele>
						<time>2026-07-24T22:35:41Z</time>
					</trkpt>
					<trkpt lat="50.809240" lon="2.766620">
						<ele>51</ele>
						<time>2026-07-24T22:35:53Z</time>
					</trkpt>
					<trkpt lat="50.809150" lon="2.766090">
						<ele>48</ele>
						<time>2026-07-24T22:35:59Z</time>
					</trkpt>
					<trkpt lat="50.809090" lon="2.765870">
						<ele>47</ele>
						<time>2026-07-24T22:36:02Z</time>
					</trkpt>
					<trkpt lat="50.808720" lon="2.765010">
						<ele>45</ele>
						<time>2026-07-24T22:36:14Z</time>
					</trkpt>
					<trkpt lat="50.808310" lon="2.763000">
						<ele>39</ele>
						<time>2026-07-24T22:36:38Z</time>
					</trkpt>
					<trkpt lat="50.808480" lon="2.761020">
						<ele>38</ele>
						<time>2026-07-24T22:37:00Z</time>
					</trkpt>
					<trkpt lat="50.808460" lon="2.760720">
						<ele>37</ele>
						<time>2026-07-24T22:37:03Z</time>
					</trkpt>
					<trkpt lat="50.808400" lon="2.760590">
						<ele>37</ele>
						<time>2026-07-24T22:37:05Z</time>
					</trkpt>
					<trkpt lat="50.807840" lon="2.760100">
						<ele>37</ele>
						<time>2026-07-24T22:37:17Z</time>
					</trkpt>
					<trkpt lat="50.807240" lon="2.759650">
						<ele>37</ele>
						<time>2026-07-24T22:37:28Z</time>
					</trkpt>
					<trkpt lat="50.806730" lon="2.759390">
						<ele>36</ele>
						<time>2026-07-24T22:37:38Z</time>
					</trkpt>
					<trkpt lat="50.806270" lon="2.758960">
						<ele>35</ele>
						<time>2026-07-24T22:37:47Z</time>
					</trkpt>
					<trkpt lat="50.806000" lon="2.758620">
						<ele>35</ele>
						<time>2026-07-24T22:37:54Z</time>
					</trkpt>
					<trkpt lat="50.805910" lon="2.758620">
						<ele>36</ele>
						<time>2026-07-24T22:37:55Z</time>
					</trkpt>
					<trkpt lat="50.805420" lon="2.759560">
						<ele>38</ele>
						<time>2026-07-24T22:38:09Z</time>
					</trkpt>
					<trkpt lat="50.805010" lon="2.761040">
						<ele>43</ele>
						<time>2026-07-24T22:38:27Z</time>
					</trkpt>
					<trkpt lat="50.804390" lon="2.762870">
						<ele>47</ele>
						<time>2026-07-24T22:38:50Z</time>
					</trkpt>
					<trkpt lat="50.804240" lon="2.763490">
						<ele>49</ele>
						<time>2026-07-24T22:38:58Z</time>
					</trkpt>
					<trkpt lat="50.803910" lon="2.764350">
						<ele>53</ele>
						<time>2026-07-24T22:39:09Z</time>
					</trkpt>
					<trkpt lat="50.803740" lon="2.764690">
						<ele>54</ele>
						<time>2026-07-24T22:39:14Z</time>
					</trkpt>
					<trkpt lat="50.803510" lon="2.764990">
						<ele>55</ele>
						<time>2026-07-24T22:39:19Z</time>
					</trkpt>
					<trkpt lat="50.803180" lon="2.765360">
						<ele>55</ele>
						<time>2026-07-24T22:39:27Z</time>
					</trkpt>
					<trkpt lat="50.802300" lon="2.764370">
						<ele>50</ele>
						<time>2026-07-24T22:39:46Z</time>
					</trkpt>
					<trkpt lat="50.801730" lon="2.763920">
						<ele>46</ele>
						<time>2026-07-24T22:39:57Z</time>
					</trkpt>
					<trkpt lat="50.801360" lon="2.763830">
						<ele>46</ele>
						<time>2026-07-24T22:40:04Z</time>
					</trkpt>
					<trkpt lat="50.800890" lon="2.763380">
						<ele>47</ele>
						<time>2026-07-24T22:40:14Z</time>
					</trkpt>
					<trkpt lat="50.800720" lon="2.763150">
						<ele>48</ele>
						<time>2026-07-24T22:40:18Z</time>
					</trkpt>
					<trkpt lat="50.799990" lon="2.761950">
						<ele>52</ele>
						<time>2026-07-24T22:40:36Z</time>
					</trkpt>
					<trkpt lat="50.799710" lon="2.761650">
						<ele>54</ele>
						<time>2026-07-24T22:40:42Z</time>
					</trkpt>
					<trkpt lat="50.799490" lon="2.761580">
						<ele>55</ele>
						<time>2026-07-24T22:40:46Z</time>
					</trkpt>
					<trkpt lat="50.799150" lon="2.762160">
						<ele>58</ele>
						<time>2026-07-24T22:40:55Z</time>
					</trkpt>
					<trkpt lat="50.799020" lon="2.762180">
						<ele>58</ele>
						<time>2026-07-24T22:40:58Z</time>
					</trkpt>
					<trkpt lat="50.798660" lon="2.761860">
						<ele>60</ele>
						<time>2026-07-24T22:41:05Z</time>
					</trkpt>
					<trkpt lat="50.798400" lon="2.761470">
						<ele>61</ele>
						<time>2026-07-24T22:41:11Z</time>
					</trkpt>
					<trkpt lat="50.797990" lon="2.760700">
						<ele>62</ele>
						<time>2026-07-24T22:41:23Z</time>
					</trkpt>
					<trkpt lat="50.797860" lon="2.760510">
						<ele>61</ele>
						<time>2026-07-24T22:41:26Z</time>
					</trkpt>
					<trkpt lat="50.797310" lon="2.760120">
						<ele>60</ele>
						<time>2026-07-24T22:41:36Z</time>
					</trkpt>
					<trkpt lat="50.797610" lon="2.758510">
						<ele>52</ele>
						<time>2026-07-24T22:41:55Z</time>
					</trkpt>
					<trkpt lat="50.797930" lon="2.757380">
						<ele>50</ele>
						<time>2026-07-24T22:42:09Z</time>
					</trkpt>
					<trkpt lat="50.797950" lon="2.757050">
						<ele>50</ele>
						<time>2026-07-24T22:42:13Z</time>
					</trkpt>
					<trkpt lat="50.798080" lon="2.756430">
						<ele>50</ele>
						<time>2026-07-24T22:42:20Z</time>
					</trkpt>
					<trkpt lat="50.798250" lon="2.756000">
						<ele>51</ele>
						<time>2026-07-24T22:42:26Z</time>
					</trkpt>
					<trkpt lat="50.798760" lon="2.754500">
						<ele>46</ele>
						<time>2026-07-24T22:42:45Z</time>
					</trkpt>
					<trkpt lat="50.799280" lon="2.753430">
						<ele>44</ele>
						<time>2026-07-24T22:43:00Z</time>
					</trkpt>
					<trkpt lat="50.799520" lon="2.753020">
						<ele>44</ele>
						<time>2026-07-24T22:43:07Z</time>
					</trkpt>
					<trkpt lat="50.799790" lon="2.752420">
						<ele>43</ele>
						<time>2026-07-24T22:43:15Z</time>
					</trkpt>
					<trkpt lat="50.800070" lon="2.752050">
						<ele>41</ele>
						<time>2026-07-24T22:43:21Z</time>
					</trkpt>
					<trkpt lat="50.800070" lon="2.751920">
						<ele>40</ele>
						<time>2026-07-24T22:43:23Z</time>
					</trkpt>
					<trkpt lat="50.799970" lon="2.750740">
						<ele>39</ele>
						<time>2026-07-24T22:43:36Z</time>
					</trkpt>
					<trkpt lat="50.799920" lon="2.750590">
						<ele>40</ele>
						<time>2026-07-24T22:43:38Z</time>
					</trkpt>
					<trkpt lat="50.799690" lon="2.750420">
						<ele>41</ele>
						<time>2026-07-24T22:43:43Z</time>
					</trkpt>
					<trkpt lat="50.799390" lon="2.750290">
						<ele>42</ele>
						<time>2026-07-24T22:43:48Z</time>
					</trkpt>
					<trkpt lat="50.798460" lon="2.749760">
						<ele>44</ele>
						<time>2026-07-24T22:44:06Z</time>
					</trkpt>
					<trkpt lat="50.797930" lon="2.749030">
						<ele>45</ele>
						<time>2026-07-24T22:44:18Z</time>
					</trkpt>
					<trkpt lat="50.797390" lon="2.748510">
						<ele>48</ele>
						<time>2026-07-24T22:44:30Z</time>
					</trkpt>
					<trkpt lat="50.797610" lon="2.747630">
						<ele>47</ele>
						<time>2026-07-24T22:44:40Z</time>
					</trkpt>
					<trkpt lat="50.797540" lon="2.747420">
						<ele>47</ele>
						<time>2026-07-24T22:44:43Z</time>
					</trkpt>
					<trkpt lat="50.797180" lon="2.746670">
						<ele>47</ele>
						<time>2026-07-24T22:44:53Z</time>
					</trkpt>
					<trkpt lat="50.797150" lon="2.746470">
						<ele>47</ele>
						<time>2026-07-24T22:44:56Z</time>
					</trkpt>
					<trkpt lat="50.796920" lon="2.746450">
						<ele>48</ele>
						<time>2026-07-24T22:45:00Z</time>
					</trkpt>
					<trkpt lat="50.796810" lon="2.746470">
						<ele>48</ele>
						<time>2026-07-24T22:45:02Z</time>
					</trkpt>
					<trkpt lat="50.796810" lon="2.746560">
						<ele>48</ele>
						<time>2026-07-24T22:45:03Z</time>
					</trkpt>
					<trkpt lat="50.795120" lon="2.748380">
						<ele>55</ele>
						<time>2026-07-24T22:45:39Z</time>
					</trkpt>
					<trkpt lat="50.794920" lon="2.748680">
						<ele>55</ele>
						<time>2026-07-24T22:45:44Z</time>
					</trkpt>
					<trkpt lat="50.794220" lon="2.749610">
						<ele>52</ele>
						<time>2026-07-24T22:46:00Z</time>
					</trkpt>
					<trkpt lat="50.793720" lon="2.750060">
						<ele>52</ele>
						<time>2026-07-24T22:46:11Z</time>
					</trkpt>
					<trkpt lat="50.793230" lon="2.750590">
						<ele>53</ele>
						<time>2026-07-24T22:46:21Z</time>
					</trkpt>
					<trkpt lat="50.793040" lon="2.750700">
						<ele>54</ele>
						<time>2026-07-24T22:46:25Z</time>
					</trkpt>
					<trkpt lat="50.792310" lon="2.751600">
						<ele>56</ele>
						<time>2026-07-24T22:46:41Z</time>
					</trkpt>
					<trkpt lat="50.791790" lon="2.752160">
						<ele>57</ele>
						<time>2026-07-24T22:46:52Z</time>
					</trkpt>
					<trkpt lat="50.791640" lon="2.752250">
						<ele>58</ele>
						<time>2026-07-24T22:46:55Z</time>
					</trkpt>
					<trkpt lat="50.791210" lon="2.752350">
						<ele>61</ele>
						<time>2026-07-24T22:47:03Z</time>
					</trkpt>
					<trkpt lat="50.790610" lon="2.752610">
						<ele>64</ele>
						<time>2026-07-24T22:47:14Z</time>
					</trkpt>
					<trkpt lat="50.789620" lon="2.753110">
						<ele>68</ele>
						<time>2026-07-24T22:47:33Z</time>
					</trkpt>
					<trkpt lat="50.788610" lon="2.753660">
						<ele>76</ele>
						<time>2026-07-24T22:47:52Z</time>
					</trkpt>
					<trkpt lat="50.787710" lon="2.753920">
						<ele>82</ele>
						<time>2026-07-24T22:48:08Z</time>
					</trkpt>
					<trkpt lat="50.787460" lon="2.753960">
						<ele>84</ele>
						<time>2026-07-24T22:48:12Z</time>
					</trkpt>
					<trkpt lat="50.787110" lon="2.753960">
						<ele>87</ele>
						<time>2026-07-24T22:48:19Z</time>
					</trkpt>
					<trkpt lat="50.786250" lon="2.753810">
						<ele>95</ele>
						<time>2026-07-24T22:48:34Z</time>
					</trkpt>
					<trkpt lat="50.784900" lon="2.753380">
						<ele>110</ele>
						<time>2026-07-24T22:48:58Z</time>
					</trkpt>
					<trkpt lat="50.784520" lon="2.753320">
						<ele>111</ele>
						<time>2026-07-24T22:49:05Z</time>
					</trkpt>
					<trkpt lat="50.784320" lon="2.753340">
						<ele>112</ele>
						<time>2026-07-24T22:49:09Z</time>
					</trkpt>
					<trkpt lat="50.783790" lon="2.753600">
						<ele>112</ele>
						<time>2026-07-24T22:49:19Z</time>
					</trkpt>
					<trkpt lat="50.783440" lon="2.753830">
						<ele>111</ele>
						<time>2026-07-24T22:49:25Z</time>
					</trkpt>
					<trkpt lat="50.783160" lon="2.754260">
						<ele>112</ele>
						<time>2026-07-24T22:49:32Z</time>
					</trkpt>
					<trkpt lat="50.783010" lon="2.754560">
						<ele>114</ele>
						<time>2026-07-24T22:49:37Z</time>
					</trkpt>
					<trkpt lat="50.782760" lon="2.754930">
						<ele>116</ele>
						<time>2026-07-24T22:49:43Z</time>
					</trkpt>
					<trkpt lat="50.782200" lon="2.755060">
						<ele>114</ele>
						<time>2026-07-24T22:49:53Z</time>
					</trkpt>
					<trkpt lat="50.781510" lon="2.755380">
						<ele>111</ele>
						<time>2026-07-24T22:50:06Z</time>
					</trkpt>
					<trkpt lat="50.781150" lon="2.755590">
						<ele>109</ele>
						<time>2026-07-24T22:50:12Z</time>
					</trkpt>
					<trkpt lat="50.780950" lon="2.755790">
						<ele>108</ele>
						<time>2026-07-24T22:50:17Z</time>
					</trkpt>
					<trkpt lat="50.781080" lon="2.756020">
						<ele>110</ele>
						<time>2026-07-24T22:50:20Z</time>
					</trkpt>
					<trkpt lat="50.781130" lon="2.756200">
						<ele>112</ele>
						<time>2026-07-24T22:50:22Z</time>
					</trkpt>
					<trkpt lat="50.781230" lon="2.757380">
						<ele>114</ele>
						<time>2026-07-24T22:50:36Z</time>
					</trkpt>
					<trkpt lat="50.781210" lon="2.757800">
						<ele>113</ele>
						<time>2026-07-24T22:50:41Z</time>
					</trkpt>
					<trkpt lat="50.781100" lon="2.758190">
						<ele>110</ele>
						<time>2026-07-24T22:50:45Z</time>
					</trkpt>
					<trkpt lat="50.780930" lon="2.759950">
						<ele>99</ele>
						<time>2026-07-24T22:51:05Z</time>
					</trkpt>
					<trkpt lat="50.780930" lon="2.761410">
						<ele>92</ele>
						<time>2026-07-24T22:51:22Z</time>
					</trkpt>
					<trkpt lat="50.780760" lon="2.761750">
						<ele>91</ele>
						<time>2026-07-24T22:51:27Z</time>
					</trkpt>
					<trkpt lat="50.780700" lon="2.762010">
						<ele>91</ele>
						<time>2026-07-24T22:51:30Z</time>
					</trkpt>
					<trkpt lat="50.781100" lon="2.762050">
						<ele>92</ele>
						<time>2026-07-24T22:51:37Z</time>
					</trkpt>
					<trkpt lat="50.781340" lon="2.762140">
						<ele>93</ele>
						<time>2026-07-24T22:51:41Z</time>
					</trkpt>
					<trkpt lat="50.781730" lon="2.762420">
						<ele>94</ele>
						<time>2026-07-24T22:51:49Z</time>
					</trkpt>
					<trkpt lat="50.782280" lon="2.763040">
						<ele>98</ele>
						<time>2026-07-24T22:52:01Z</time>
					</trkpt>
					<trkpt lat="50.782910" lon="2.764260">
						<ele>101</ele>
						<time>2026-07-24T22:52:19Z</time>
					</trkpt>
					<trkpt lat="50.783550" lon="2.765920">
						<ele>98</ele>
						<time>2026-07-24T22:52:41Z</time>
					</trkpt>
					<trkpt lat="50.783810" lon="2.767050">
						<ele>96</ele>
						<time>2026-07-24T22:52:54Z</time>
					</trkpt>
					<trkpt lat="50.784490" lon="2.768380">
						<ele>94</ele>
						<time>2026-07-24T22:53:13Z</time>
					</trkpt>
					<trkpt lat="50.784860" lon="2.768980">
						<ele>93</ele>
						<time>2026-07-24T22:53:23Z</time>
					</trkpt>
					<trkpt lat="50.785330" lon="2.769500">
						<ele>91</ele>
						<time>2026-07-24T22:53:33Z</time>
					</trkpt>
					<trkpt lat="50.785740" lon="2.770010">
						<ele>89</ele>
						<time>2026-07-24T22:53:42Z</time>
					</trkpt>
					<trkpt lat="50.786400" lon="2.770640">
						<ele>88</ele>
						<time>2026-07-24T22:53:56Z</time>
					</trkpt>
					<trkpt lat="50.786620" lon="2.770790">
						<ele>88</ele>
						<time>2026-07-24T22:54:00Z</time>
					</trkpt>
					<trkpt lat="50.786680" lon="2.770790">
						<ele>88</ele>
						<time>2026-07-24T22:54:01Z</time>
					</trkpt>
					<trkpt lat="50.786710" lon="2.771040">
						<ele>88</ele>
						<time>2026-07-24T22:54:04Z</time>
					</trkpt>
					<trkpt lat="50.787050" lon="2.771070">
						<ele>89</ele>
						<time>2026-07-24T22:54:10Z</time>
					</trkpt>
					<trkpt lat="50.787090" lon="2.771190">
						<ele>89</ele>
						<time>2026-07-24T22:54:12Z</time>
					</trkpt>
					<trkpt lat="50.787710" lon="2.771990">
						<ele>88</ele>
						<time>2026-07-24T22:54:26Z</time>
					</trkpt>
					<trkpt lat="50.788230" lon="2.773790">
						<ele>88</ele>
						<time>2026-07-24T22:54:48Z</time>
					</trkpt>
					<trkpt lat="50.788490" lon="2.774350">
						<ele>88</ele>
						<time>2026-07-24T22:54:56Z</time>
					</trkpt>
					<trkpt lat="50.788640" lon="2.774800">
						<ele>88</ele>
						<time>2026-07-24T22:55:02Z</time>
					</trkpt>
					<trkpt lat="50.788960" lon="2.776150">
						<ele>87</ele>
						<time>2026-07-24T22:55:18Z</time>
					</trkpt>
					<trkpt lat="50.789370" lon="2.776730">
						<ele>87</ele>
						<time>2026-07-24T22:55:28Z</time>
					</trkpt>
					<trkpt lat="50.789240" lon="2.776900">
						<ele>86</ele>
						<time>2026-07-24T22:55:31Z</time>
					</trkpt>
					<trkpt lat="50.789070" lon="2.777310">
						<ele>84</ele>
						<time>2026-07-24T22:55:36Z</time>
					</trkpt>
					<trkpt lat="50.788870" lon="2.777930">
						<ele>81</ele>
						<time>2026-07-24T22:55:44Z</time>
					</trkpt>
					<trkpt lat="50.788460" lon="2.779860">
						<ele>76</ele>
						<time>2026-07-24T22:56:07Z</time>
					</trkpt>
					<trkpt lat="50.788010" lon="2.781000">
						<ele>75</ele>
						<time>2026-07-24T22:56:22Z</time>
					</trkpt>
					<trkpt lat="50.787800" lon="2.783060">
						<ele>75</ele>
						<time>2026-07-24T22:56:46Z</time>
					</trkpt>
					<trkpt lat="50.787630" lon="2.783680">
						<ele>74</ele>
						<time>2026-07-24T22:56:53Z</time>
					</trkpt>
					<trkpt lat="50.787030" lon="2.785120">
						<ele>71</ele>
						<time>2026-07-24T22:57:13Z</time>
					</trkpt>
					<trkpt lat="50.786360" lon="2.786820">
						<ele>71</ele>
						<time>2026-07-24T22:57:35Z</time>
					</trkpt>
					<trkpt lat="50.785700" lon="2.787720">
						<ele>69</ele>
						<time>2026-07-24T22:57:51Z</time>
					</trkpt>
					<trkpt lat="50.785680" lon="2.787910">
						<ele>69</ele>
						<time>2026-07-24T22:57:53Z</time>
					</trkpt>
					<trkpt lat="50.784970" lon="2.789500">
						<ele>69</ele>
						<time>2026-07-24T22:58:15Z</time>
					</trkpt>
					<trkpt lat="50.784260" lon="2.790570">
						<ele>72</ele>
						<time>2026-07-24T22:58:32Z</time>
					</trkpt>
					<trkpt lat="50.783890" lon="2.791210">
						<ele>72</ele>
						<time>2026-07-24T22:58:42Z</time>
					</trkpt>
					<trkpt lat="50.782860" lon="2.793640">
						<ele>73</ele>
						<time>2026-07-24T22:59:15Z</time>
					</trkpt>
					<trkpt lat="50.782160" lon="2.795760">
						<ele>75</ele>
						<time>2026-07-24T22:59:42Z</time>
					</trkpt>
					<trkpt lat="50.781710" lon="2.797270">
						<ele>75</ele>
						<time>2026-07-24T23:00:00Z</time>
					</trkpt>
					<trkpt lat="50.780630" lon="2.800680">
						<ele>79</ele>
						<time>2026-07-24T23:00:43Z</time>
					</trkpt>
					<trkpt lat="50.780590" lon="2.800960">
						<ele>80</ele>
						<time>2026-07-24T23:00:47Z</time>
					</trkpt>
					<trkpt lat="50.781190" lon="2.802110">
						<ele>81</ele>
						<time>2026-07-24T23:01:03Z</time>
					</trkpt>
					<trkpt lat="50.781530" lon="2.803320">
						<ele>79</ele>
						<time>2026-07-24T23:01:18Z</time>
					</trkpt>
					<trkpt lat="50.782070" lon="2.805870">
						<ele>82</ele>
						<time>2026-07-24T23:01:49Z</time>
					</trkpt>
					<trkpt lat="50.782240" lon="2.807050">
						<ele>82</ele>
						<time>2026-07-24T23:02:02Z</time>
					</trkpt>
					<trkpt lat="50.782260" lon="2.807800">
						<ele>83</ele>
						<time>2026-07-24T23:02:11Z</time>
					</trkpt>
					<trkpt lat="50.782240" lon="2.809370">
						<ele>87</ele>
						<time>2026-07-24T23:02:28Z</time>
					</trkpt>
					<trkpt lat="50.782160" lon="2.811340">
						<ele>102</ele>
						<time>2026-07-24T23:02:50Z</time>
					</trkpt>
					<trkpt lat="50.782200" lon="2.812260">
						<ele>101</ele>
						<time>2026-07-24T23:03:01Z</time>
					</trkpt>
					<trkpt lat="50.782350" lon="2.812910">
						<ele>98</ele>
						<time>2026-07-24T23:03:09Z</time>
					</trkpt>
					<trkpt lat="50.782370" lon="2.813290">
						<ele>97</ele>
						<time>2026-07-24T23:03:13Z</time>
					</trkpt>
					<trkpt lat="50.782330" lon="2.813830">
						<ele>96</ele>
						<time>2026-07-24T23:03:19Z</time>
					</trkpt>
					<trkpt lat="50.782460" lon="2.815400">
						<ele>88</ele>
						<time>2026-07-24T23:03:37Z</time>
					</trkpt>
					<trkpt lat="50.782330" lon="2.816920">
						<ele>89</ele>
						<time>2026-07-24T23:03:54Z</time>
					</trkpt>
					<trkpt lat="50.782280" lon="2.817200">
						<ele>89</ele>
						<time>2026-07-24T23:03:57Z</time>
					</trkpt>
					<trkpt lat="50.782330" lon="2.817630">
						<ele>88</ele>
						<time>2026-07-24T23:04:02Z</time>
					</trkpt>
					<trkpt lat="50.782630" lon="2.818620">
						<ele>82</ele>
						<time>2026-07-24T23:04:15Z</time>
					</trkpt>
					<trkpt lat="50.782710" lon="2.818960">
						<ele>80</ele>
						<time>2026-07-24T23:04:19Z</time>
					</trkpt>
					<trkpt lat="50.782820" lon="2.819690">
						<ele>75</ele>
						<time>2026-07-24T23:04:27Z</time>
					</trkpt>
					<trkpt lat="50.782800" lon="2.820310">
						<ele>73</ele>
						<time>2026-07-24T23:04:34Z</time>
					</trkpt>
					<trkpt lat="50.782840" lon="2.820740">
						<ele>71</ele>
						<time>2026-07-24T23:04:39Z</time>
					</trkpt>
					<trkpt lat="50.783080" lon="2.821920">
						<ele>66</ele>
						<time>2026-07-24T23:04:53Z</time>
					</trkpt>
					<trkpt lat="50.783060" lon="2.823310">
						<ele>66</ele>
						<time>2026-07-24T23:05:09Z</time>
					</trkpt>
					<trkpt lat="50.783270" lon="2.824110">
						<ele>60</ele>
						<time>2026-07-24T23:05:18Z</time>
					</trkpt>
					<trkpt lat="50.783380" lon="2.825520">
						<ele>61</ele>
						<time>2026-07-24T23:05:34Z</time>
					</trkpt>
					<trkpt lat="50.783340" lon="2.825760">
						<ele>62</ele>
						<time>2026-07-24T23:05:37Z</time>
					</trkpt>
					<trkpt lat="50.783230" lon="2.825870">
						<ele>62</ele>
						<time>2026-07-24T23:05:39Z</time>
					</trkpt>
					<trkpt lat="50.782590" lon="2.824690">
						<ele>66</ele>
						<time>2026-07-24T23:05:57Z</time>
					</trkpt>
					<trkpt lat="50.782220" lon="2.824220">
						<ele>68</ele>
						<time>2026-07-24T23:06:05Z</time>
					</trkpt>
					<trkpt lat="50.780870" lon="2.823010">
						<ele>75</ele>
						<time>2026-07-24T23:06:33Z</time>
					</trkpt>
					<trkpt lat="50.780440" lon="2.822560">
						<ele>78</ele>
						<time>2026-07-24T23:06:42Z</time>
					</trkpt>
					<trkpt lat="50.779860" lon="2.821730">
						<ele>83</ele>
						<time>2026-07-24T23:06:56Z</time>
					</trkpt>
					<trkpt lat="50.779410" lon="2.821230">
						<ele>87</ele>
						<time>2026-07-24T23:07:06Z</time>
					</trkpt>
					<trkpt lat="50.779190" lon="2.821060">
						<ele>88</ele>
						<time>2026-07-24T23:07:10Z</time>
					</trkpt>
					<trkpt lat="50.778620" lon="2.820830">
						<ele>90</ele>
						<time>2026-07-24T23:07:21Z</time>
					</trkpt>
					<trkpt lat="50.778250" lon="2.820500">
						<ele>92</ele>
						<time>2026-07-24T23:07:28Z</time>
					</trkpt>
					<trkpt lat="50.776940" lon="2.818400">
						<ele>102</ele>
						<time>2026-07-24T23:08:01Z</time>
					</trkpt>
					<trkpt lat="50.776940" lon="2.818360">
						<ele>103</ele>
						<time>2026-07-24T23:08:02Z</time>
					</trkpt>
					<trkpt lat="50.776830" lon="2.818160">
						<ele>103</ele>
						<time>2026-07-24T23:08:05Z</time>
					</trkpt>
					<trkpt lat="50.776790" lon="2.818230">
						<ele>102</ele>
						<time>2026-07-24T23:08:06Z</time>
					</trkpt>
					<trkpt lat="50.776770" lon="2.818400">
						<ele>100</ele>
						<time>2026-07-24T23:08:08Z</time>
					</trkpt>
					<trkpt lat="50.776790" lon="2.818680">
						<ele>98</ele>
						<time>2026-07-24T23:08:11Z</time>
					</trkpt>
					<trkpt lat="50.777050" lon="2.819240">
						<ele>97</ele>
						<time>2026-07-24T23:08:19Z</time>
					</trkpt>
					<trkpt lat="50.777060" lon="2.819380">
						<ele>96</ele>
						<time>2026-07-24T23:08:20Z</time>
					</trkpt>
					<trkpt lat="50.777100" lon="2.819380">
						<ele>97</ele>
						<time>2026-07-24T23:08:21Z</time>
					</trkpt>
					<trkpt lat="50.777120" lon="2.820160">
						<ele>91</ele>
						<time>2026-07-24T23:08:30Z</time>
					</trkpt>
					<trkpt lat="50.776790" lon="2.821180">
						<ele>86</ele>
						<time>2026-07-24T23:08:43Z</time>
					</trkpt>
					<trkpt lat="50.776570" lon="2.822220">
						<ele>83</ele>
						<time>2026-07-24T23:08:55Z</time>
					</trkpt>
					<trkpt lat="50.776480" lon="2.823130">
						<ele>81</ele>
						<time>2026-07-24T23:09:06Z</time>
					</trkpt>
					<trkpt lat="50.776220" lon="2.824860">
						<ele>79</ele>
						<time>2026-07-24T23:09:26Z</time>
					</trkpt>
					<trkpt lat="50.775940" lon="2.826210">
						<ele>77</ele>
						<time>2026-07-24T23:09:42Z</time>
					</trkpt>
					<trkpt lat="50.775890" lon="2.826600">
						<ele>76</ele>
						<time>2026-07-24T23:09:46Z</time>
					</trkpt>
					<trkpt lat="50.775900" lon="2.827620">
						<ele>76</ele>
						<time>2026-07-24T23:09:58Z</time>
					</trkpt>
					<trkpt lat="50.775830" lon="2.827640">
						<ele>76</ele>
						<time>2026-07-24T23:09:59Z</time>
					</trkpt>
					<trkpt lat="50.775840" lon="2.827820">
						<ele>76</ele>
						<time>2026-07-24T23:10:01Z</time>
					</trkpt>
					<trkpt lat="50.775800" lon="2.828470">
						<ele>76</ele>
						<time>2026-07-24T23:10:08Z</time>
					</trkpt>
					<trkpt lat="50.775790" lon="2.829890">
						<ele>73</ele>
						<time>2026-07-24T23:10:24Z</time>
					</trkpt>
					<trkpt lat="50.775730" lon="2.831460">
						<ele>70</ele>
						<time>2026-07-24T23:10:42Z</time>
					</trkpt>
					<trkpt lat="50.775350" lon="2.836340">
						<ele>68</ele>
						<time>2026-07-24T23:11:37Z</time>
					</trkpt>
					<trkpt lat="50.775350" lon="2.836570">
						<ele>68</ele>
						<time>2026-07-24T23:11:40Z</time>
					</trkpt>
					<trkpt lat="50.775500" lon="2.838100">
						<ele>66</ele>
						<time>2026-07-24T23:11:57Z</time>
					</trkpt>
					<trkpt lat="50.775560" lon="2.840300">
						<ele>64</ele>
						<time>2026-07-24T23:12:22Z</time>
					</trkpt>
					<trkpt lat="50.775540" lon="2.840460">
						<ele>64</ele>
						<time>2026-07-24T23:12:24Z</time>
					</trkpt>
					<trkpt lat="50.775630" lon="2.841430">
						<ele>63</ele>
						<time>2026-07-24T23:12:35Z</time>
					</trkpt>
					<trkpt lat="50.775700" lon="2.841890">
						<ele>63</ele>
						<time>2026-07-24T23:12:40Z</time>
					</trkpt>
					<trkpt lat="50.776440" lon="2.844570">
						<ele>64</ele>
						<time>2026-07-24T23:13:13Z</time>
					</trkpt>
					<trkpt lat="50.776960" lon="2.846800">
						<ele>62</ele>
						<time>2026-07-24T23:13:40Z</time>
					</trkpt>
					<trkpt lat="50.777250" lon="2.847890">
						<ele>62</ele>
						<time>2026-07-24T23:13:53Z</time>
					</trkpt>
					<trkpt lat="50.777440" lon="2.848770">
						<ele>64</ele>
						<time>2026-07-24T23:14:04Z</time>
					</trkpt>
					<trkpt lat="50.777760" lon="2.850690">
						<ele>66</ele>
						<time>2026-07-24T23:14:26Z</time>
					</trkpt>
					<trkpt lat="50.777780" lon="2.850910">
						<ele>66</ele>
						<time>2026-07-24T23:14:28Z</time>
					</trkpt>
					<trkpt lat="50.777800" lon="2.852590">
						<ele>69</ele>
						<time>2026-07-24T23:14:47Z</time>
					</trkpt>
					<trkpt lat="50.777840" lon="2.853450">
						<ele>69</ele>
						<time>2026-07-24T23:14:57Z</time>
					</trkpt>
					<trkpt lat="50.778070" lon="2.854710">
						<ele>69</ele>
						<time>2026-07-24T23:15:12Z</time>
					</trkpt>
					<trkpt lat="50.778200" lon="2.854810">
						<ele>68</ele>
						<time>2026-07-24T23:15:14Z</time>
					</trkpt>
					<trkpt lat="50.779070" lon="2.854660">
						<ele>64</ele>
						<time>2026-07-24T23:15:30Z</time>
					</trkpt>
					<trkpt lat="50.781100" lon="2.854390">
						<ele>54</ele>
						<time>2026-07-24T23:16:06Z</time>
					</trkpt>
					<trkpt lat="50.781320" lon="2.854260">
						<ele>53</ele>
						<time>2026-07-24T23:16:10Z</time>
					</trkpt>
					<trkpt lat="50.781920" lon="2.853740">
						<ele>50</ele>
						<time>2026-07-24T23:16:22Z</time>
					</trkpt>
					<trkpt lat="50.782700" lon="2.853110">
						<ele>45</ele>
						<time>2026-07-24T23:16:38Z</time>
					</trkpt>
					<trkpt lat="50.782970" lon="2.854530">
						<ele>44</ele>
						<time>2026-07-24T23:16:55Z</time>
					</trkpt>
					<trkpt lat="50.783360" lon="2.856070">
						<ele>46</ele>
						<time>2026-07-24T23:17:13Z</time>
					</trkpt>
					<trkpt lat="50.783490" lon="2.856750">
						<ele>48</ele>
						<time>2026-07-24T23:17:21Z</time>
					</trkpt>
					<trkpt lat="50.783820" lon="2.859290">
						<ele>53</ele>
						<time>2026-07-24T23:17:51Z</time>
					</trkpt>
					<trkpt lat="50.784160" lon="2.861240">
						<ele>60</ele>
						<time>2026-07-24T23:18:13Z</time>
					</trkpt>
					<trkpt lat="50.784330" lon="2.861980">
						<ele>60</ele>
						<time>2026-07-24T23:18:22Z</time>
					</trkpt>
					<trkpt lat="50.785020" lon="2.863980">
						<ele>62</ele>
						<time>2026-07-24T23:18:48Z</time>
					</trkpt>
					<trkpt lat="50.786170" lon="2.862300">
						<ele>55</ele>
						<time>2026-07-24T23:19:16Z</time>
					</trkpt>
					<trkpt lat="50.787170" lon="2.861020">
						<ele>50</ele>
						<time>2026-07-24T23:19:39Z</time>
					</trkpt>
					<trkpt lat="50.787620" lon="2.860400">
						<ele>48</ele>
						<time>2026-07-24T23:19:49Z</time>
					</trkpt>
					<trkpt lat="50.787730" lon="2.860110">
						<ele>47</ele>
						<time>2026-07-24T23:19:53Z</time>
					</trkpt>
					<trkpt lat="50.787970" lon="2.859200">
						<ele>45</ele>
						<time>2026-07-24T23:20:04Z</time>
					</trkpt>
					<trkpt lat="50.787960" lon="2.857890">
						<ele>44</ele>
						<time>2026-07-24T23:20:19Z</time>
					</trkpt>
					<trkpt lat="50.787990" lon="2.857200">
						<ele>42</ele>
						<time>2026-07-24T23:20:27Z</time>
					</trkpt>
					<trkpt lat="50.788160" lon="2.856150">
						<ele>39</ele>
						<time>2026-07-24T23:20:39Z</time>
					</trkpt>
					<trkpt lat="50.788170" lon="2.855550">
						<ele>37</ele>
						<time>2026-07-24T23:20:46Z</time>
					</trkpt>
					<trkpt lat="50.788090" lon="2.854470">
						<ele>35</ele>
						<time>2026-07-24T23:20:58Z</time>
					</trkpt>
					<trkpt lat="50.787970" lon="2.853900">
						<ele>35</ele>
						<time>2026-07-24T23:21:05Z</time>
					</trkpt>
					<trkpt lat="50.787790" lon="2.853310">
						<ele>36</ele>
						<time>2026-07-24T23:21:12Z</time>
					</trkpt>
					<trkpt lat="50.787630" lon="2.852290">
						<ele>36</ele>
						<time>2026-07-24T23:21:24Z</time>
					</trkpt>
					<trkpt lat="50.787210" lon="2.850220">
						<ele>36</ele>
						<time>2026-07-24T23:21:48Z</time>
					</trkpt>
					<trkpt lat="50.787080" lon="2.849200">
						<ele>36</ele>
						<time>2026-07-24T23:22:00Z</time>
					</trkpt>
					<trkpt lat="50.786800" lon="2.847750">
						<ele>39</ele>
						<time>2026-07-24T23:22:17Z</time>
					</trkpt>
					<trkpt lat="50.786270" lon="2.845500">
						<ele>39</ele>
						<time>2026-07-24T23:22:44Z</time>
					</trkpt>
					<trkpt lat="50.786210" lon="2.845050">
						<ele>40</ele>
						<time>2026-07-24T23:22:49Z</time>
					</trkpt>
					<trkpt lat="50.786160" lon="2.844070">
						<ele>40</ele>
						<time>2026-07-24T23:23:00Z</time>
					</trkpt>
					<trkpt lat="50.786010" lon="2.842180">
						<ele>44</ele>
						<time>2026-07-24T23:23:22Z</time>
					</trkpt>
					<trkpt lat="50.785940" lon="2.841570">
						<ele>43</ele>
						<time>2026-07-24T23:23:29Z</time>
					</trkpt>
					<trkpt lat="50.785950" lon="2.840980">
						<ele>44</ele>
						<time>2026-07-24T23:23:35Z</time>
					</trkpt>
					<trkpt lat="50.786250" lon="2.840490">
						<ele>47</ele>
						<time>2026-07-24T23:23:43Z</time>
					</trkpt>
					<trkpt lat="50.786300" lon="2.840680">
						<ele>46</ele>
						<time>2026-07-24T23:23:45Z</time>
					</trkpt>
					<trkpt lat="50.786520" lon="2.841150">
						<ele>46</ele>
						<time>2026-07-24T23:23:52Z</time>
					</trkpt>
					<trkpt lat="50.786660" lon="2.841600">
						<ele>46</ele>
						<time>2026-07-24T23:23:57Z</time>
					</trkpt>
					<trkpt lat="50.786970" lon="2.842220">
						<ele>46</ele>
						<time>2026-07-24T23:24:06Z</time>
					</trkpt>
					<trkpt lat="50.787420" lon="2.843450">
						<ele>44</ele>
						<time>2026-07-24T23:24:22Z</time>
					</trkpt>
					<trkpt lat="50.787530" lon="2.844290">
						<ele>42</ele>
						<time>2026-07-24T23:24:32Z</time>
					</trkpt>
					<trkpt lat="50.787630" lon="2.844730">
						<ele>41</ele>
						<time>2026-07-24T23:24:37Z</time>
					</trkpt>
					<trkpt lat="50.788010" lon="2.845590">
						<ele>40</ele>
						<time>2026-07-24T23:24:49Z</time>
					</trkpt>
					<trkpt lat="50.788090" lon="2.845700">
						<ele>40</ele>
						<time>2026-07-24T23:24:51Z</time>
					</trkpt>
					<trkpt lat="50.788450" lon="2.846400">
						<ele>40</ele>
						<time>2026-07-24T23:25:01Z</time>
					</trkpt>
					<trkpt lat="50.788600" lon="2.846580">
						<ele>40</ele>
						<time>2026-07-24T23:25:04Z</time>
					</trkpt>
					<trkpt lat="50.788970" lon="2.846810">
						<ele>40</ele>
						<time>2026-07-24T23:25:11Z</time>
					</trkpt>
					<trkpt lat="50.789190" lon="2.847080">
						<ele>40</ele>
						<time>2026-07-24T23:25:16Z</time>
					</trkpt>
					<trkpt lat="50.789600" lon="2.847690">
						<ele>41</ele>
						<time>2026-07-24T23:25:26Z</time>
					</trkpt>
					<trkpt lat="50.790130" lon="2.848670">
						<ele>41</ele>
						<time>2026-07-24T23:25:41Z</time>
					</trkpt>
					<trkpt lat="50.790270" lon="2.849120">
						<ele>42</ele>
						<time>2026-07-24T23:25:47Z</time>
					</trkpt>
					<trkpt lat="50.790960" lon="2.849810">
						<ele>41</ele>
						<time>2026-07-24T23:26:01Z</time>
					</trkpt>
					<trkpt lat="50.791500" lon="2.850500">
						<ele>38</ele>
						<time>2026-07-24T23:26:13Z</time>
					</trkpt>
					<trkpt lat="50.792160" lon="2.850950">
						<ele>38</ele>
						<time>2026-07-24T23:26:26Z</time>
					</trkpt>
					<trkpt lat="50.792390" lon="2.851250">
						<ele>38</ele>
						<time>2026-07-24T23:26:32Z</time>
					</trkpt>
					<trkpt lat="50.792820" lon="2.851960">
						<ele>37</ele>
						<time>2026-07-24T23:26:43Z</time>
					</trkpt>
					<trkpt lat="50.792990" lon="2.852150">
						<ele>37</ele>
						<time>2026-07-24T23:26:46Z</time>
					</trkpt>
					<trkpt lat="50.793100" lon="2.852210">
						<ele>37</ele>
						<time>2026-07-24T23:26:48Z</time>
					</trkpt>
					<trkpt lat="50.793220" lon="2.852320">
						<ele>37</ele>
						<time>2026-07-24T23:26:51Z</time>
					</trkpt>
					<trkpt lat="50.793650" lon="2.852920">
						<ele>36</ele>
						<time>2026-07-24T23:27:01Z</time>
					</trkpt>
					<trkpt lat="50.793790" lon="2.853060">
						<ele>37</ele>
						<time>2026-07-24T23:27:04Z</time>
					</trkpt>
					<trkpt lat="50.794620" lon="2.853740">
						<ele>37</ele>
						<time>2026-07-24T23:27:21Z</time>
					</trkpt>
					<trkpt lat="50.795070" lon="2.854020">
						<ele>36</ele>
						<time>2026-07-24T23:27:29Z</time>
					</trkpt>
					<trkpt lat="50.795250" lon="2.854190">
						<ele>36</ele>
						<time>2026-07-24T23:27:33Z</time>
					</trkpt>
					<trkpt lat="50.795350" lon="2.854430">
						<ele>36</ele>
						<time>2026-07-24T23:27:36Z</time>
					</trkpt>
					<trkpt lat="50.795480" lon="2.855010">
						<ele>35</ele>
						<time>2026-07-24T23:27:43Z</time>
					</trkpt>
					<trkpt lat="50.795570" lon="2.855220">
						<ele>35</ele>
						<time>2026-07-24T23:27:46Z</time>
					</trkpt>
					<trkpt lat="50.795950" lon="2.855800">
						<ele>35</ele>
						<time>2026-07-24T23:27:55Z</time>
					</trkpt>
					<trkpt lat="50.796250" lon="2.856120">
						<ele>34</ele>
						<time>2026-07-24T23:28:02Z</time>
					</trkpt>
					<trkpt lat="50.797200" lon="2.857370">
						<ele>33</ele>
						<time>2026-07-24T23:28:24Z</time>
					</trkpt>
					<trkpt lat="50.797370" lon="2.857710">
						<ele>33</ele>
						<time>2026-07-24T23:28:29Z</time>
					</trkpt>
					<trkpt lat="50.797560" lon="2.858420">
						<ele>33</ele>
						<time>2026-07-24T23:28:37Z</time>
					</trkpt>
					<trkpt lat="50.797950" lon="2.859230">
						<ele>31</ele>
						<time>2026-07-24T23:28:49Z</time>
					</trkpt>
					<trkpt lat="50.798290" lon="2.859730">
						<ele>29</ele>
						<time>2026-07-24T23:28:57Z</time>
					</trkpt>
					<trkpt lat="50.798680" lon="2.860160">
						<ele>29</ele>
						<time>2026-07-24T23:29:06Z</time>
					</trkpt>
					<trkpt lat="50.798100" lon="2.861900">
						<ele>30</ele>
						<time>2026-07-24T23:29:28Z</time>
					</trkpt>
					<trkpt lat="50.797090" lon="2.864380">
						<ele>30</ele>
						<time>2026-07-24T23:30:01Z</time>
					</trkpt>
					<trkpt lat="50.796530" lon="2.866100">
						<ele>33</ele>
						<time>2026-07-24T23:30:23Z</time>
					</trkpt>
					<trkpt lat="50.795700" lon="2.868250">
						<ele>38</ele>
						<time>2026-07-24T23:30:51Z</time>
					</trkpt>
					<trkpt lat="50.795290" lon="2.869560">
						<ele>42</ele>
						<time>2026-07-24T23:31:07Z</time>
					</trkpt>
					<trkpt lat="50.794710" lon="2.871270">
						<ele>47</ele>
						<time>2026-07-24T23:31:29Z</time>
					</trkpt>
					<trkpt lat="50.793360" lon="2.874810">
						<ele>61</ele>
						<time>2026-07-24T23:32:16Z</time>
					</trkpt>
					<trkpt lat="50.793080" lon="2.875200">
						<ele>60</ele>
						<time>2026-07-24T23:32:22Z</time>
					</trkpt>
					<trkpt lat="50.791940" lon="2.876060">
						<ele>68</ele>
						<time>2026-07-24T23:32:45Z</time>
					</trkpt>
					<trkpt lat="50.791190" lon="2.876660">
						<ele>68</ele>
						<time>2026-07-24T23:33:00Z</time>
					</trkpt>
					<trkpt lat="50.790220" lon="2.877470">
						<ele>66</ele>
						<time>2026-07-24T23:33:19Z</time>
					</trkpt>
					<trkpt lat="50.789970" lon="2.877710">
						<ele>65</ele>
						<time>2026-07-24T23:33:24Z</time>
					</trkpt>
					<trkpt lat="50.789130" lon="2.878530">
						<ele>68</ele>
						<time>2026-07-24T23:33:42Z</time>
					</trkpt>
					<trkpt lat="50.788310" lon="2.879410">
						<ele>69</ele>
						<time>2026-07-24T23:34:00Z</time>
					</trkpt>
					<trkpt lat="50.787050" lon="2.880910">
						<ele>73</ele>
						<time>2026-07-24T23:34:28Z</time>
					</trkpt>
					<trkpt lat="50.786300" lon="2.881530">
						<ele>78</ele>
						<time>2026-07-24T23:34:43Z</time>
					</trkpt>
					<trkpt lat="50.785650" lon="2.881890">
						<ele>81</ele>
						<time>2026-07-24T23:34:55Z</time>
					</trkpt>
					<trkpt lat="50.785570" lon="2.881960">
						<ele>81</ele>
						<time>2026-07-24T23:34:57Z</time>
					</trkpt>
					<trkpt lat="50.785350" lon="2.882040">
						<ele>81</ele>
						<time>2026-07-24T23:35:01Z</time>
					</trkpt>
					<trkpt lat="50.785630" lon="2.883270">
						<ele>80</ele>
						<time>2026-07-24T23:35:15Z</time>
					</trkpt>
					<trkpt lat="50.785680" lon="2.883680">
						<ele>79</ele>
						<time>2026-07-24T23:35:20Z</time>
					</trkpt>
					<trkpt lat="50.784970" lon="2.886810">
						<ele>72</ele>
						<time>2026-07-24T23:35:57Z</time>
					</trkpt>
					<trkpt lat="50.783740" lon="2.894120">
						<ele>55</ele>
						<time>2026-07-24T23:37:23Z</time>
					</trkpt>
					<trkpt lat="50.783640" lon="2.894980">
						<ele>54</ele>
						<time>2026-07-24T23:37:32Z</time>
					</trkpt>
					<trkpt lat="50.783660" lon="2.895520">
						<ele>54</ele>
						<time>2026-07-24T23:37:38Z</time>
					</trkpt>
					<trkpt lat="50.782520" lon="2.896460">
						<ele>53</ele>
						<time>2026-07-24T23:38:01Z</time>
					</trkpt>
					<trkpt lat="50.781940" lon="2.896850">
						<ele>54</ele>
						<time>2026-07-24T23:38:13Z</time>
					</trkpt>
					<trkpt lat="50.781080" lon="2.897580">
						<ele>55</ele>
						<time>2026-07-24T23:38:30Z</time>
					</trkpt>
					<trkpt lat="50.780570" lon="2.897900">
						<ele>56</ele>
						<time>2026-07-24T23:38:40Z</time>
					</trkpt>
					<trkpt lat="50.779990" lon="2.898470">
						<ele>56</ele>
						<time>2026-07-24T23:38:52Z</time>
					</trkpt>
					<trkpt lat="50.779500" lon="2.898840">
						<ele>56</ele>
						<time>2026-07-24T23:39:02Z</time>
					</trkpt>
					<trkpt lat="50.778630" lon="2.899410">
						<ele>55</ele>
						<time>2026-07-24T23:39:18Z</time>
					</trkpt>
					<trkpt lat="50.778220" lon="2.899460">
						<ele>55</ele>
						<time>2026-07-24T23:39:26Z</time>
					</trkpt>
					<trkpt lat="50.777730" lon="2.899620">
						<ele>56</ele>
						<time>2026-07-24T23:39:34Z</time>
					</trkpt>
					<trkpt lat="50.777450" lon="2.899740">
						<ele>56</ele>
						<time>2026-07-24T23:39:40Z</time>
					</trkpt>
					<trkpt lat="50.776920" lon="2.900060">
						<ele>54</ele>
						<time>2026-07-24T23:39:50Z</time>
					</trkpt>
					<trkpt lat="50.776740" lon="2.900120">
						<ele>53</ele>
						<time>2026-07-24T23:39:53Z</time>
					</trkpt>
					<trkpt lat="50.776390" lon="2.900180">
						<ele>53</ele>
						<time>2026-07-24T23:39:59Z</time>
					</trkpt>
					<trkpt lat="50.776120" lon="2.900270">
						<ele>52</ele>
						<time>2026-07-24T23:40:04Z</time>
					</trkpt>
					<trkpt lat="50.775880" lon="2.900480">
						<ele>52</ele>
						<time>2026-07-24T23:40:09Z</time>
					</trkpt>
					<trkpt lat="50.775760" lon="2.900690">
						<ele>51</ele>
						<time>2026-07-24T23:40:12Z</time>
					</trkpt>
					<trkpt lat="50.775390" lon="2.901710">
						<ele>48</ele>
						<time>2026-07-24T23:40:25Z</time>
					</trkpt>
					<trkpt lat="50.775070" lon="2.902340">
						<ele>46</ele>
						<time>2026-07-24T23:40:35Z</time>
					</trkpt>
					<trkpt lat="50.774540" lon="2.903120">
						<ele>44</ele>
						<time>2026-07-24T23:40:47Z</time>
					</trkpt>
					<trkpt lat="50.774150" lon="2.903510">
						<ele>43</ele>
						<time>2026-07-24T23:40:56Z</time>
					</trkpt>
					<trkpt lat="50.773930" lon="2.903570">
						<ele>43</ele>
						<time>2026-07-24T23:41:00Z</time>
					</trkpt>
					<trkpt lat="50.773640" lon="2.903550">
						<ele>44</ele>
						<time>2026-07-24T23:41:05Z</time>
					</trkpt>
					<trkpt lat="50.772930" lon="2.903230">
						<ele>47</ele>
						<time>2026-07-24T23:41:18Z</time>
					</trkpt>
					<trkpt lat="50.772260" lon="2.902780">
						<ele>49</ele>
						<time>2026-07-24T23:41:31Z</time>
					</trkpt>
					<trkpt lat="50.772030" lon="2.903180">
						<ele>49</ele>
						<time>2026-07-24T23:41:37Z</time>
					</trkpt>
					<trkpt lat="50.771630" lon="2.903580">
						<ele>48</ele>
						<time>2026-07-24T23:41:45Z</time>
					</trkpt>
					<trkpt lat="50.771290" lon="2.903980">
						<ele>49</ele>
						<time>2026-07-24T23:41:53Z</time>
					</trkpt>
					<trkpt lat="50.770210" lon="2.905550">
						<ele>47</ele>
						<time>2026-07-24T23:42:19Z</time>
					</trkpt>
					<trkpt lat="50.769480" lon="2.906440">
						<ele>49</ele>
						<time>2026-07-24T23:42:35Z</time>
					</trkpt>
					<trkpt lat="50.768930" lon="2.907030">
						<ele>49</ele>
						<time>2026-07-24T23:42:47Z</time>
					</trkpt>
					<trkpt lat="50.767980" lon="2.908320">
						<ele>48</ele>
						<time>2026-07-24T23:43:10Z</time>
					</trkpt>
					<trkpt lat="50.767320" lon="2.909440">
						<ele>48</ele>
						<time>2026-07-24T23:43:27Z</time>
					</trkpt>
					<trkpt lat="50.766500" lon="2.910420">
						<ele>47</ele>
						<time>2026-07-24T23:43:45Z</time>
					</trkpt>
					<trkpt lat="50.766200" lon="2.910890">
						<ele>47</ele>
						<time>2026-07-24T23:43:53Z</time>
					</trkpt>
					<trkpt lat="50.765870" lon="2.911300">
						<ele>46</ele>
						<time>2026-07-24T23:44:00Z</time>
					</trkpt>
					<trkpt lat="50.765790" lon="2.911360">
						<ele>46</ele>
						<time>2026-07-24T23:44:02Z</time>
					</trkpt>
					<trkpt lat="50.765710" lon="2.911370">
						<ele>46</ele>
						<time>2026-07-24T23:44:03Z</time>
					</trkpt>
					<trkpt lat="50.764410" lon="2.915320">
						<ele>39</ele>
						<time>2026-07-24T23:44:53Z</time>
					</trkpt>
					<trkpt lat="50.764150" lon="2.915160">
						<ele>39</ele>
						<time>2026-07-24T23:44:58Z</time>
					</trkpt>
					<trkpt lat="50.763550" lon="2.914680">
						<ele>38</ele>
						<time>2026-07-24T23:45:10Z</time>
					</trkpt>
					<trkpt lat="50.763450" lon="2.914690">
						<ele>37</ele>
						<time>2026-07-24T23:45:12Z</time>
					</trkpt>
					<trkpt lat="50.763240" lon="2.914890">
						<ele>37</ele>
						<time>2026-07-24T23:45:16Z</time>
					</trkpt>
					<trkpt lat="50.762750" lon="2.915660">
						<ele>35</ele>
						<time>2026-07-24T23:45:29Z</time>
					</trkpt>
					<trkpt lat="50.762350" lon="2.916420">
						<ele>34</ele>
						<time>2026-07-24T23:45:40Z</time>
					</trkpt>
					<trkpt lat="50.762290" lon="2.916480">
						<ele>34</ele>
						<time>2026-07-24T23:45:41Z</time>
					</trkpt>
					<trkpt lat="50.762220" lon="2.916510">
						<ele>34</ele>
						<time>2026-07-24T23:45:42Z</time>
					</trkpt>
					<trkpt lat="50.762440" lon="2.913520">
						<ele>36</ele>
						<time>2026-07-24T23:46:16Z</time>
					</trkpt>
					<trkpt lat="50.762440" lon="2.913040">
						<ele>35</ele>
						<time>2026-07-24T23:46:21Z</time>
					</trkpt>
					<trkpt lat="50.762390" lon="2.912270">
						<ele>35</ele>
						<time>2026-07-24T23:46:30Z</time>
					</trkpt>
					<trkpt lat="50.762400" lon="2.912070">
						<ele>35</ele>
						<time>2026-07-24T23:46:32Z</time>
					</trkpt>
					<trkpt lat="50.762440" lon="2.911800">
						<ele>36</ele>
						<time>2026-07-24T23:46:36Z</time>
					</trkpt>
					<trkpt lat="50.762670" lon="2.910850">
						<ele>36</ele>
						<time>2026-07-24T23:46:47Z</time>
					</trkpt>
					<trkpt lat="50.763020" lon="2.907500">
						<ele>42</ele>
						<time>2026-07-24T23:47:25Z</time>
					</trkpt>
					<trkpt lat="50.763000" lon="2.907210">
						<ele>42</ele>
						<time>2026-07-24T23:47:29Z</time>
					</trkpt>
					<trkpt lat="50.762560" lon="2.904940">
						<ele>40</ele>
						<time>2026-07-24T23:47:55Z</time>
					</trkpt>
					<trkpt lat="50.761390" lon="2.907260">
						<ele>34</ele>
						<time>2026-07-24T23:48:29Z</time>
					</trkpt>
					<trkpt lat="50.761250" lon="2.907510">
						<ele>33</ele>
						<time>2026-07-24T23:48:32Z</time>
					</trkpt>
					<trkpt lat="50.761100" lon="2.907710">
						<ele>33</ele>
						<time>2026-07-24T23:48:36Z</time>
					</trkpt>
					<trkpt lat="50.759980" lon="2.908850">
						<ele>30</ele>
						<time>2026-07-24T23:49:00Z</time>
					</trkpt>
					<trkpt lat="50.759420" lon="2.909340">
						<ele>27</ele>
						<time>2026-07-24T23:49:11Z</time>
					</trkpt>
					<trkpt lat="50.755490" lon="2.913250">
						<ele>19</ele>
						<time>2026-07-24T23:50:34Z</time>
					</trkpt>
					<trkpt lat="50.755230" lon="2.913450">
						<ele>19</ele>
						<time>2026-07-24T23:50:39Z</time>
					</trkpt>
					<trkpt lat="50.753990" lon="2.914220">
						<ele>20</ele>
						<time>2026-07-24T23:51:02Z</time>
					</trkpt>
					<trkpt lat="50.752960" lon="2.914940">
						<ele>23</ele>
						<time>2026-07-24T23:51:22Z</time>
					</trkpt>
					<trkpt lat="50.752410" lon="2.915390">
						<ele>23</ele>
						<time>2026-07-24T23:51:34Z</time>
					</trkpt>
					<trkpt lat="50.751320" lon="2.916170">
						<ele>24</ele>
						<time>2026-07-24T23:51:55Z</time>
					</trkpt>
					<trkpt lat="50.750510" lon="2.916700">
						<ele>24</ele>
						<time>2026-07-24T23:52:10Z</time>
					</trkpt>
					<trkpt lat="50.750890" lon="2.918300">
						<ele>22</ele>
						<time>2026-07-24T23:52:30Z</time>
					</trkpt>
					<trkpt lat="50.750930" lon="2.918680">
						<ele>22</ele>
						<time>2026-07-24T23:52:34Z</time>
					</trkpt>
					<trkpt lat="50.750920" lon="2.919100">
						<ele>23</ele>
						<time>2026-07-24T23:52:39Z</time>
					</trkpt>
					<trkpt lat="50.750250" lon="2.921720">
						<ele>22</ele>
						<time>2026-07-24T23:53:11Z</time>
					</trkpt>
					<trkpt lat="50.749840" lon="2.923180">
						<ele>23</ele>
						<time>2026-07-24T23:53:29Z</time>
					</trkpt>
					<trkpt lat="50.749730" lon="2.923410">
						<ele>23</ele>
						<time>2026-07-24T23:53:32Z</time>
					</trkpt>
					<trkpt lat="50.749580" lon="2.923650">
						<ele>23</ele>
						<time>2026-07-24T23:53:36Z</time>
					</trkpt>
					<trkpt lat="50.745210" lon="2.929390">
						<ele>19</ele>
						<time>2026-07-24T23:55:17Z</time>
					</trkpt>
					<trkpt lat="50.744970" lon="2.929920">
						<ele>19</ele>
						<time>2026-07-24T23:55:24Z</time>
					</trkpt>
					<trkpt lat="50.744590" lon="2.931340">
						<ele>19</ele>
						<time>2026-07-24T23:55:41Z</time>
					</trkpt>
					<trkpt lat="50.743680" lon="2.930650">
						<ele>20</ele>
						<time>2026-07-24T23:55:59Z</time>
					</trkpt>
					<trkpt lat="50.742160" lon="2.929310">
						<ele>18</ele>
						<time>2026-07-24T23:56:30Z</time>
					</trkpt>
					<trkpt lat="50.741780" lon="2.928940">
						<ele>18</ele>
						<time>2026-07-24T23:56:38Z</time>
					</trkpt>
					<trkpt lat="50.741330" lon="2.928390">
						<ele>19</ele>
						<time>2026-07-24T23:56:48Z</time>
					</trkpt>
					<trkpt lat="50.740430" lon="2.927120">
						<ele>18</ele>
						<time>2026-07-24T23:57:10Z</time>
					</trkpt>
					<trkpt lat="50.740290" lon="2.926840">
						<ele>18</ele>
						<time>2026-07-24T23:57:14Z</time>
					</trkpt>
					<trkpt lat="50.740250" lon="2.926680">
						<ele>17</ele>
						<time>2026-07-24T23:57:16Z</time>
					</trkpt>
					<trkpt lat="50.740200" lon="2.926090">
						<ele>17</ele>
						<time>2026-07-24T23:57:22Z</time>
					</trkpt>
					<trkpt lat="50.740170" lon="2.926020">
						<ele>17</ele>
						<time>2026-07-24T23:57:23Z</time>
					</trkpt>
					<trkpt lat="50.740000" lon="2.925900">
						<ele>17</ele>
						<time>2026-07-24T23:57:27Z</time>
					</trkpt>
					<trkpt lat="50.740150" lon="2.928110">
						<ele>18</ele>
						<time>2026-07-24T23:57:52Z</time>
					</trkpt>
					<trkpt lat="50.740260" lon="2.928800">
						<ele>17</ele>
						<time>2026-07-24T23:58:00Z</time>
					</trkpt>
					<trkpt lat="50.740160" lon="2.928810">
						<ele>17</ele>
						<time>2026-07-24T23:58:02Z</time>
					</trkpt>
					<trkpt lat="50.740120" lon="2.928740">
						<ele>18</ele>
						<time>2026-07-24T23:58:03Z</time>
					</trkpt>
					<trkpt lat="50.740000" lon="2.928200">
						<ele>18</ele>
						<time>2026-07-24T23:58:09Z</time>
					</trkpt>
					<trkpt lat="50.739850" lon="2.927920">
						<ele>18</ele>
						<time>2026-07-24T23:58:13Z</time>
					</trkpt>
					<trkpt lat="50.739000" lon="2.926680">
						<ele>18</ele>
						<time>2026-07-24T23:58:34Z</time>
					</trkpt>
					<trkpt lat="50.738250" lon="2.925360">
						<ele>17</ele>
						<time>2026-07-24T23:58:54Z</time>
					</trkpt>
					<trkpt lat="50.736300" lon="2.922520">
						<ele>15</ele>
						<time>2026-07-24T23:59:41Z</time>
					</trkpt>
					<trkpt lat="50.734780" lon="2.920530">
						<ele>17</ele>
						<time>2026-07-25T00:00:16Z</time>
					</trkpt>
					<trkpt lat="50.734100" lon="2.919750">
						<ele>18</ele>
						<time>2026-07-25T00:00:31Z</time>
					</trkpt>
					<trkpt lat="50.733600" lon="2.919230">
						<ele>17</ele>
						<time>2026-07-25T00:00:42Z</time>
					</trkpt>
					<trkpt lat="50.732600" lon="2.918290">
						<ele>16</ele>
						<time>2026-07-25T00:01:02Z</time>
					</trkpt>
					<trkpt lat="50.731750" lon="2.917600">
						<ele>15</ele>
						<time>2026-07-25T00:01:19Z</time>
					</trkpt>
					<trkpt lat="50.731130" lon="2.917150">
						<ele>15</ele>
						<time>2026-07-25T00:01:32Z</time>
					</trkpt>
					<trkpt lat="50.728060" lon="2.915160">
						<ele>17</ele>
						<time>2026-07-25T00:02:31Z</time>
					</trkpt>
					<trkpt lat="50.726870" lon="2.914500">
						<ele>17</ele>
						<time>2026-07-25T00:02:53Z</time>
					</trkpt>
					<trkpt lat="50.726580" lon="2.914390">
						<ele>17</ele>
						<time>2026-07-25T00:02:58Z</time>
					</trkpt>
					<trkpt lat="50.726370" lon="2.914380">
						<ele>17</ele>
						<time>2026-07-25T00:03:02Z</time>
					</trkpt>
					<trkpt lat="50.725710" lon="2.914920">
						<ele>17</ele>
						<time>2026-07-25T00:03:15Z</time>
					</trkpt>
					<trkpt lat="50.725210" lon="2.915370">
						<ele>17</ele>
						<time>2026-07-25T00:03:25Z</time>
					</trkpt>
					<trkpt lat="50.723920" lon="2.916620">
						<ele>17</ele>
						<time>2026-07-25T00:03:52Z</time>
					</trkpt>
					<trkpt lat="50.722570" lon="2.917770">
						<ele>16</ele>
						<time>2026-07-25T00:04:20Z</time>
					</trkpt>
					<trkpt lat="50.721950" lon="2.918350">
						<ele>17</ele>
						<time>2026-07-25T00:04:33Z</time>
					</trkpt>
					<trkpt lat="50.720650" lon="2.919670">
						<ele>16</ele>
						<time>2026-07-25T00:05:00Z</time>
					</trkpt>
					<trkpt lat="50.720250" lon="2.919930">
						<ele>16</ele>
						<time>2026-07-25T00:05:08Z</time>
					</trkpt>
					<trkpt lat="50.719770" lon="2.920320">
						<ele>15</ele>
						<time>2026-07-25T00:05:17Z</time>
					</trkpt>
					<trkpt lat="50.715770" lon="2.923910">
						<ele>14</ele>
						<time>2026-07-25T00:06:39Z</time>
					</trkpt>
					<trkpt lat="50.715140" lon="2.924380">
						<ele>14</ele>
						<time>2026-07-25T00:06:52Z</time>
					</trkpt>
					<trkpt lat="50.714760" lon="2.924720">
						<ele>14</ele>
						<time>2026-07-25T00:06:59Z</time>
					</trkpt>
					<trkpt lat="50.714760" lon="2.924830">
						<ele>14</ele>
						<time>2026-07-25T00:07:01Z</time>
					</trkpt>
					<trkpt lat="50.714530" lon="2.925630">
						<ele>13</ele>
						<time>2026-07-25T00:07:11Z</time>
					</trkpt>
					<trkpt lat="50.712960" lon="2.929650">
						<ele>12</ele>
						<time>2026-07-25T00:08:04Z</time>
					</trkpt>
					<trkpt lat="50.712810" lon="2.930250">
						<ele>13</ele>
						<time>2026-07-25T00:08:11Z</time>
					</trkpt>
					<trkpt lat="50.712730" lon="2.930810">
						<ele>15</ele>
						<time>2026-07-25T00:08:17Z</time>
					</trkpt>
					<trkpt lat="50.712610" lon="2.932020">
						<ele>18</ele>
						<time>2026-07-25T00:08:31Z</time>
					</trkpt>
					<trkpt lat="50.712530" lon="2.932260">
						<ele>19</ele>
						<time>2026-07-25T00:08:34Z</time>
					</trkpt>
					<trkpt lat="50.712500" lon="2.932310">
						<ele>19</ele>
						<time>2026-07-25T00:08:35Z</time>
					</trkpt>
					<trkpt lat="50.712350" lon="2.932300">
						<ele>18</ele>
						<time>2026-07-25T00:08:38Z</time>
					</trkpt>
					<trkpt lat="50.711860" lon="2.932400">
						<ele>17</ele>
						<time>2026-07-25T00:08:47Z</time>
					</trkpt>
					<trkpt lat="50.711130" lon="2.932650">
						<ele>17</ele>
						<time>2026-07-25T00:09:00Z</time>
					</trkpt>
					<trkpt lat="50.711030" lon="2.932650">
						<ele>17</ele>
						<time>2026-07-25T00:09:02Z</time>
					</trkpt>
					<trkpt lat="50.711010" lon="2.932570">
						<ele>17</ele>
						<time>2026-07-25T00:09:03Z</time>
					</trkpt>
					<trkpt lat="50.710940" lon="2.932530">
						<ele>17</ele>
						<time>2026-07-25T00:09:04Z</time>
					</trkpt>
					<trkpt lat="50.710880" lon="2.932590">
						<ele>17</ele>
						<time>2026-07-25T00:09:05Z</time>
					</trkpt>
					<trkpt lat="50.710870" lon="2.932650">
						<ele>17</ele>
						<time>2026-07-25T00:09:06Z</time>
					</trkpt>
					<trkpt lat="50.710570" lon="2.932580">
						<ele>18</ele>
						<time>2026-07-25T00:09:11Z</time>
					</trkpt>
					<trkpt lat="50.708270" lon="2.930520">
						<ele>16</ele>
						<time>2026-07-25T00:09:58Z</time>
					</trkpt>
					<trkpt lat="50.707150" lon="2.929090">
						<ele>17</ele>
						<time>2026-07-25T00:10:24Z</time>
					</trkpt>
					<trkpt lat="50.706960" lon="2.928800">
						<ele>16</ele>
						<time>2026-07-25T00:10:29Z</time>
					</trkpt>
					<trkpt lat="50.706500" lon="2.927990">
						<ele>14</ele>
						<time>2026-07-25T00:10:41Z</time>
					</trkpt>
					<trkpt lat="50.706400" lon="2.927750">
						<ele>14</ele>
						<time>2026-07-25T00:10:44Z</time>
					</trkpt>
					<trkpt lat="50.706360" lon="2.927740">
						<ele>14</ele>
						<time>2026-07-25T00:10:45Z</time>
					</trkpt>
					<trkpt lat="50.706170" lon="2.927320">
						<ele>14</ele>
						<time>2026-07-25T00:10:51Z</time>
					</trkpt>
					<trkpt lat="50.705540" lon="2.926290">
						<ele>14</ele>
						<time>2026-07-25T00:11:07Z</time>
					</trkpt>
					<trkpt lat="50.705270" lon="2.925960">
						<ele>14</ele>
						<time>2026-07-25T00:11:13Z</time>
					</trkpt>
					<trkpt lat="50.703510" lon="2.924240">
						<ele>12</ele>
						<time>2026-07-25T00:11:50Z</time>
					</trkpt>
					<trkpt lat="50.702710" lon="2.923000">
						<ele>14</ele>
						<time>2026-07-25T00:12:10Z</time>
					</trkpt>
					<trkpt lat="50.702320" lon="2.921960">
						<ele>15</ele>
						<time>2026-07-25T00:12:23Z</time>
					</trkpt>
					<trkpt lat="50.702160" lon="2.921640">
						<ele>16</ele>
						<time>2026-07-25T00:12:28Z</time>
					</trkpt>
					<trkpt lat="50.701760" lon="2.921110">
						<ele>17</ele>
						<time>2026-07-25T00:12:37Z</time>
					</trkpt>
					<trkpt lat="50.701230" lon="2.920470">
						<ele>15</ele>
						<time>2026-07-25T00:12:49Z</time>
					</trkpt>
					<trkpt lat="50.700710" lon="2.919950">
						<ele>13</ele>
						<time>2026-07-25T00:13:00Z</time>
					</trkpt>
					<trkpt lat="50.700580" lon="2.919730">
						<ele>14</ele>
						<time>2026-07-25T00:13:03Z</time>
					</trkpt>
					<trkpt lat="50.700010" lon="2.918360">
						<ele>14</ele>
						<time>2026-07-25T00:13:22Z</time>
					</trkpt>
					<trkpt lat="50.699850" lon="2.918080">
						<ele>14</ele>
						<time>2026-07-25T00:13:26Z</time>
					</trkpt>
					<trkpt lat="50.699630" lon="2.917810">
						<ele>14</ele>
						<time>2026-07-25T00:13:31Z</time>
					</trkpt>
					<trkpt lat="50.699090" lon="2.917330">
						<ele>14</ele>
						<time>2026-07-25T00:13:42Z</time>
					</trkpt>
					<trkpt lat="50.698310" lon="2.916420">
						<ele>15</ele>
						<time>2026-07-25T00:13:59Z</time>
					</trkpt>
					<trkpt lat="50.698250" lon="2.916270">
						<ele>15</ele>
						<time>2026-07-25T00:14:01Z</time>
					</trkpt>
					<trkpt lat="50.697280" lon="2.915140">
						<ele>16</ele>
						<time>2026-07-25T00:14:23Z</time>
					</trkpt>
					<trkpt lat="50.697230" lon="2.915120">
						<ele>16</ele>
						<time>2026-07-25T00:14:24Z</time>
					</trkpt>
					<trkpt lat="50.696900" lon="2.914750">
						<ele>15</ele>
						<time>2026-07-25T00:14:31Z</time>
					</trkpt>
					<trkpt lat="50.695770" lon="2.913750">
						<ele>16</ele>
						<time>2026-07-25T00:14:54Z</time>
					</trkpt>
					<trkpt lat="50.695020" lon="2.913170">
						<ele>15</ele>
						<time>2026-07-25T00:15:09Z</time>
					</trkpt>
					<trkpt lat="50.694240" lon="2.912420">
						<ele>18</ele>
						<time>2026-07-25T00:15:25Z</time>
					</trkpt>
					<trkpt lat="50.693870" lon="2.913080">
						<ele>18</ele>
						<time>2026-07-25T00:15:35Z</time>
					</trkpt>
					<trkpt lat="50.693640" lon="2.913420">
						<ele>18</ele>
						<time>2026-07-25T00:15:41Z</time>
					</trkpt>
					<trkpt lat="50.693990" lon="2.914050">
						<ele>18</ele>
						<time>2026-07-25T00:15:50Z</time>
					</trkpt>
					<trkpt lat="50.693670" lon="2.914570">
						<ele>19</ele>
						<time>2026-07-25T00:15:58Z</time>
					</trkpt>
					<trkpt lat="50.693920" lon="2.914960">
						<ele>19</ele>
						<time>2026-07-25T00:16:04Z</time>
					</trkpt>
					<trkpt lat="50.693320" lon="2.915920">
						<ele>18</ele>
						<time>2026-07-25T00:16:20Z</time>
					</trkpt>
					<trkpt lat="50.693270" lon="2.915840">
						<ele>18</ele>
						<time>2026-07-25T00:16:21Z</time>
					</trkpt>
					</trkseg>
				</trk>
			</gpx>