<?xml version="1.0" encoding="UTF-8" ?>
<gpx version="1.1" xmlns:xsi="http://www.w3.org/2001/XMLSchema-instance"
    xmlns="http://www.topografix.com/GPX/1/1"
    xsi:schemaLocation="http://www.topografix.com/GPX/1/1 http://www.topografix.com/GPX/1/1/gpx.xsd"
    creator="Openrunner - https://www.openrunner.com" >	<trk>
	                   <name>UCH GRAVEL 64KM AOÛT 2026-24640145</name>
						<trkseg>
					<trkpt lat="50.692990" lon="2.915660">
						<ele>18</ele>
						<time>2026-07-24T20:25:24Z</time>
					</trkpt>
					<trkpt lat="50.692800" lon="2.915950">
						<ele>17</ele>
						<time>2026-07-24T20:25:29Z</time>
					</trkpt>
					<trkpt lat="50.692750" lon="2.915980">
						<ele>17</ele>
						<time>2026-07-24T20:25:30Z</time>
					</trkpt>
					<trkpt lat="50.692680" lon="2.915930">
						<ele>17</ele>
						<time>2026-07-24T20:25:31Z</time>
					</trkpt>
					<trkpt lat="50.692360" lon="2.915500">
						<ele>18</ele>
						<time>2026-07-24T20:25:38Z</time>
					</trkpt>
					<trkpt lat="50.692200" lon="2.915760">
						<ele>18</ele>
						<time>2026-07-24T20:25:43Z</time>
					</trkpt>
					<trkpt lat="50.692150" lon="2.915800">
						<ele>18</ele>
						<time>2026-07-24T20:25:44Z</time>
					</trkpt>
					<trkpt lat="50.691840" lon="2.915460">
						<ele>18</ele>
						<time>2026-07-24T20:25:50Z</time>
					</trkpt>
					<trkpt lat="50.691510" lon="2.914870">
						<ele>19</ele>
						<time>2026-07-24T20:25:59Z</time>
					</trkpt>
					<trkpt lat="50.691660" lon="2.914560">
						<ele>18</ele>
						<time>2026-07-24T20:26:04Z</time>
					</trkpt>
					<trkpt lat="50.692160" lon="2.913720">
						<ele>18</ele>
						<time>2026-07-24T20:26:17Z</time>
					</trkpt>
					<trkpt lat="50.692480" lon="2.913580">
						<ele>18</ele>
						<time>2026-07-24T20:26:22Z</time>
					</trkpt>
					<trkpt lat="50.692950" lon="2.912730">
						<ele>18</ele>
						<time>2026-07-24T20:26:35Z</time>
					</trkpt>
					<trkpt lat="50.692980" lon="2.912620">
						<ele>18</ele>
						<time>2026-07-24T20:26:37Z</time>
					</trkpt>
					<trkpt lat="50.692980" lon="2.912430">
						<ele>18</ele>
						<time>2026-07-24T20:26:39Z</time>
					</trkpt>
					<trkpt lat="50.693110" lon="2.912450">
						<ele>18</ele>
						<time>2026-07-24T20:26:41Z</time>
					</trkpt>
					<trkpt lat="50.693820" lon="2.912300">
						<ele>18</ele>
						<time>2026-07-24T20:26:54Z</time>
					</trkpt>
					<trkpt lat="50.694050" lon="2.912330">
						<ele>18</ele>
						<time>2026-07-24T20:26:58Z</time>
					</trkpt>
					<trkpt lat="50.694250" lon="2.912430">
						<ele>18</ele>
						<time>2026-07-24T20:27:02Z</time>
					</trkpt>
					<trkpt lat="50.694690" lon="2.911440">
						<ele>16</ele>
						<time>2026-07-24T20:27:15Z</time>
					</trkpt>
					<trkpt lat="50.694780" lon="2.910650">
						<ele>15</ele>
						<time>2026-07-24T20:27:24Z</time>
					</trkpt>
					<trkpt lat="50.694870" lon="2.910310">
						<ele>14</ele>
						<time>2026-07-24T20:27:28Z</time>
					</trkpt>
					<trkpt lat="50.695020" lon="2.910050">
						<ele>14</ele>
						<time>2026-07-24T20:27:32Z</time>
					</trkpt>
					<trkpt lat="50.695610" lon="2.909180">
						<ele>13</ele>
						<time>2026-07-24T20:27:47Z</time>
					</trkpt>
					<trkpt lat="50.695450" lon="2.909010">
						<ele>13</ele>
						<time>2026-07-24T20:27:50Z</time>
					</trkpt>
					<trkpt lat="50.695110" lon="2.908820">
						<ele>13</ele>
						<time>2026-07-24T20:27:57Z</time>
					</trkpt>
					<trkpt lat="50.694990" lon="2.908790">
						<ele>13</ele>
						<time>2026-07-24T20:27:59Z</time>
					</trkpt>
					<trkpt lat="50.694650" lon="2.908860">
						<ele>13</ele>
						<time>2026-07-24T20:28:05Z</time>
					</trkpt>
					<trkpt lat="50.694560" lon="2.908450">
						<ele>12</ele>
						<time>2026-07-24T20:28:10Z</time>
					</trkpt>
					<trkpt lat="50.694550" lon="2.908260">
						<ele>12</ele>
						<time>2026-07-24T20:28:12Z</time>
					</trkpt>
					<trkpt lat="50.694570" lon="2.908140">
						<ele>12</ele>
						<time>2026-07-24T20:28:13Z</time>
					</trkpt>
					<trkpt lat="50.694280" lon="2.907130">
						<ele>10</ele>
						<time>2026-07-24T20:28:26Z</time>
					</trkpt>
					<trkpt lat="50.694020" lon="2.906600">
						<ele>9</ele>
						<time>2026-07-24T20:28:33Z</time>
					</trkpt>
					<trkpt lat="50.693720" lon="2.905860">
						<ele>9</ele>
						<time>2026-07-24T20:28:43Z</time>
					</trkpt>
					<trkpt lat="50.693340" lon="2.904560">
						<ele>12</ele>
						<time>2026-07-24T20:28:59Z</time>
					</trkpt>
					<trkpt lat="50.693170" lon="2.903540">
						<ele>12</ele>
						<time>2026-07-24T20:29:11Z</time>
					</trkpt>
					<trkpt lat="50.693140" lon="2.903050">
						<ele>12</ele>
						<time>2026-07-24T20:29:17Z</time>
					</trkpt>
					<trkpt lat="50.693170" lon="2.902940">
						<ele>12</ele>
						<time>2026-07-24T20:29:18Z</time>
					</trkpt>
					<trkpt lat="50.693160" lon="2.902470">
						<ele>12</ele>
						<time>2026-07-24T20:29:23Z</time>
					</trkpt>
					<trkpt lat="50.693080" lon="2.901390">
						<ele>12</ele>
						<time>2026-07-24T20:29:36Z</time>
					</trkpt>
					<trkpt lat="50.692560" lon="2.895650">
						<ele>13</ele>
						<time>2026-07-24T20:30:41Z</time>
					</trkpt>
					<trkpt lat="50.692340" lon="2.894530">
						<ele>13</ele>
						<time>2026-07-24T20:30:54Z</time>
					</trkpt>
					<trkpt lat="50.692290" lon="2.894120">
						<ele>14</ele>
						<time>2026-07-24T20:30:59Z</time>
					</trkpt>
					<trkpt lat="50.692990" lon="2.893970">
						<ele>13</ele>
						<time>2026-07-24T20:31:12Z</time>
					</trkpt>
					<trkpt lat="50.693650" lon="2.893780">
						<ele>14</ele>
						<time>2026-07-24T20:31:24Z</time>
					</trkpt>
					<trkpt lat="50.694820" lon="2.893280">
						<ele>15</ele>
						<time>2026-07-24T20:31:45Z</time>
					</trkpt>
					<trkpt lat="50.694860" lon="2.893320">
						<ele>15</ele>
						<time>2026-07-24T20:31:46Z</time>
					</trkpt>
					<trkpt lat="50.694910" lon="2.893310">
						<ele>15</ele>
						<time>2026-07-24T20:31:47Z</time>
					</trkpt>
					<trkpt lat="50.695110" lon="2.894920">
						<ele>15</ele>
						<time>2026-07-24T20:32:05Z</time>
					</trkpt>
					<trkpt lat="50.695680" lon="2.897200">
						<ele>14</ele>
						<time>2026-07-24T20:32:33Z</time>
					</trkpt>
					<trkpt lat="50.696050" lon="2.896880">
						<ele>13</ele>
						<time>2026-07-24T20:32:40Z</time>
					</trkpt>
					<trkpt lat="50.696850" lon="2.895970">
						<ele>13</ele>
						<time>2026-07-24T20:32:58Z</time>
					</trkpt>
					<trkpt lat="50.697230" lon="2.895430">
						<ele>13</ele>
						<time>2026-07-24T20:33:07Z</time>
					</trkpt>
					<trkpt lat="50.698410" lon="2.894300">
						<ele>17</ele>
						<time>2026-07-24T20:33:32Z</time>
					</trkpt>
					<trkpt lat="50.699110" lon="2.893730">
						<ele>16</ele>
						<time>2026-07-24T20:33:46Z</time>
					</trkpt>
					<trkpt lat="50.699790" lon="2.893110">
						<ele>17</ele>
						<time>2026-07-24T20:34:00Z</time>
					</trkpt>
					<trkpt lat="50.700570" lon="2.892320">
						<ele>17</ele>
						<time>2026-07-24T20:34:16Z</time>
					</trkpt>
					<trkpt lat="50.700320" lon="2.891660">
						<ele>16</ele>
						<time>2026-07-24T20:34:25Z</time>
					</trkpt>
					<trkpt lat="50.700680" lon="2.891330">
						<ele>17</ele>
						<time>2026-07-24T20:34:32Z</time>
					</trkpt>
					<trkpt lat="50.700720" lon="2.891200">
						<ele>17</ele>
						<time>2026-07-24T20:34:34Z</time>
					</trkpt>
					<trkpt lat="50.700770" lon="2.890620">
						<ele>17</ele>
						<time>2026-07-24T20:34:40Z</time>
					</trkpt>
					<trkpt lat="50.700690" lon="2.890180">
						<ele>16</ele>
						<time>2026-07-24T20:34:46Z</time>
					</trkpt>
					<trkpt lat="50.700980" lon="2.889850">
						<ele>16</ele>
						<time>2026-07-24T20:34:52Z</time>
					</trkpt>
					<trkpt lat="50.701090" lon="2.889680">
						<ele>16</ele>
						<time>2026-07-24T20:34:55Z</time>
					</trkpt>
					<trkpt lat="50.701160" lon="2.889510">
						<ele>16</ele>
						<time>2026-07-24T20:34:57Z</time>
					</trkpt>
					<trkpt lat="50.701250" lon="2.889040">
						<ele>16</ele>
						<time>2026-07-24T20:35:02Z</time>
					</trkpt>
					<trkpt lat="50.701300" lon="2.888120">
						<ele>16</ele>
						<time>2026-07-24T20:35:13Z</time>
					</trkpt>
					<trkpt lat="50.701350" lon="2.887880">
						<ele>16</ele>
						<time>2026-07-24T20:35:16Z</time>
					</trkpt>
					<trkpt lat="50.701410" lon="2.887720">
						<ele>16</ele>
						<time>2026-07-24T20:35:18Z</time>
					</trkpt>
					<trkpt lat="50.701480" lon="2.887560">
						<ele>17</ele>
						<time>2026-07-24T20:35:20Z</time>
					</trkpt>
					<trkpt lat="50.702640" lon="2.886310">
						<ele>17</ele>
						<time>2026-07-24T20:35:45Z</time>
					</trkpt>
					<trkpt lat="50.702570" lon="2.886160">
						<ele>17</ele>
						<time>2026-07-24T20:35:47Z</time>
					</trkpt>
					<trkpt lat="50.703210" lon="2.885470">
						<ele>17</ele>
						<time>2026-07-24T20:36:01Z</time>
					</trkpt>
					<trkpt lat="50.703240" lon="2.885400">
						<ele>17</ele>
						<time>2026-07-24T20:36:02Z</time>
					</trkpt>
					<trkpt lat="50.703290" lon="2.884650">
						<ele>18</ele>
						<time>2026-07-24T20:36:10Z</time>
					</trkpt>
					<trkpt lat="50.703180" lon="2.884070">
						<ele>18</ele>
						<time>2026-07-24T20:36:17Z</time>
					</trkpt>
					<trkpt lat="50.702940" lon="2.883500">
						<ele>17</ele>
						<time>2026-07-24T20:36:25Z</time>
					</trkpt>
					<trkpt lat="50.703350" lon="2.883230">
						<ele>17</ele>
						<time>2026-07-24T20:36:33Z</time>
					</trkpt>
					<trkpt lat="50.703510" lon="2.883210">
						<ele>17</ele>
						<time>2026-07-24T20:36:36Z</time>
					</trkpt>
					<trkpt lat="50.703590" lon="2.883080">
						<ele>16</ele>
						<time>2026-07-24T20:36:38Z</time>
					</trkpt>
					<trkpt lat="50.704570" lon="2.882230">
						<ele>14</ele>
						<time>2026-07-24T20:36:58Z</time>
					</trkpt>
					<trkpt lat="50.704660" lon="2.882180">
						<ele>14</ele>
						<time>2026-07-24T20:36:59Z</time>
					</trkpt>
					<trkpt lat="50.704710" lon="2.882090">
						<ele>14</ele>
						<time>2026-07-24T20:37:01Z</time>
					</trkpt>
					<trkpt lat="50.704330" lon="2.881620">
						<ele>12</ele>
						<time>2026-07-24T20:37:09Z</time>
					</trkpt>
					<trkpt lat="50.703950" lon="2.881050">
						<ele>12</ele>
						<time>2026-07-24T20:37:19Z</time>
					</trkpt>
					<trkpt lat="50.703610" lon="2.880640">
						<ele>11</ele>
						<time>2026-07-24T20:37:26Z</time>
					</trkpt>
					<trkpt lat="50.703580" lon="2.880560">
						<ele>11</ele>
						<time>2026-07-24T20:37:27Z</time>
					</trkpt>
					<trkpt lat="50.703650" lon="2.879940">
						<ele>11</ele>
						<time>2026-07-24T20:37:34Z</time>
					</trkpt>
					<trkpt lat="50.703830" lon="2.878960">
						<ele>13</ele>
						<time>2026-07-24T20:37:46Z</time>
					</trkpt>
					<trkpt lat="50.704160" lon="2.876570">
						<ele>12</ele>
						<time>2026-07-24T20:38:13Z</time>
					</trkpt>
					<trkpt lat="50.704380" lon="2.875170">
						<ele>13</ele>
						<time>2026-07-24T20:38:30Z</time>
					</trkpt>
					<trkpt lat="50.704430" lon="2.874240">
						<ele>14</ele>
						<time>2026-07-24T20:38:40Z</time>
					</trkpt>
					<trkpt lat="50.704510" lon="2.873710">
						<ele>14</ele>
						<time>2026-07-24T20:38:46Z</time>
					</trkpt>
					<trkpt lat="50.704350" lon="2.872290">
						<ele>14</ele>
						<time>2026-07-24T20:39:03Z</time>
					</trkpt>
					<trkpt lat="50.704410" lon="2.871760">
						<ele>14</ele>
						<time>2026-07-24T20:39:09Z</time>
					</trkpt>
					<trkpt lat="50.704410" lon="2.871550">
						<ele>14</ele>
						<time>2026-07-24T20:39:11Z</time>
					</trkpt>
					<trkpt lat="50.704260" lon="2.871120">
						<ele>15</ele>
						<time>2026-07-24T20:39:17Z</time>
					</trkpt>
					<trkpt lat="50.704130" lon="2.870440">
						<ele>15</ele>
						<time>2026-07-24T20:39:25Z</time>
					</trkpt>
					<trkpt lat="50.703960" lon="2.869720">
						<ele>16</ele>
						<time>2026-07-24T20:39:33Z</time>
					</trkpt>
					<trkpt lat="50.703800" lon="2.869250">
						<ele>16</ele>
						<time>2026-07-24T20:39:39Z</time>
					</trkpt>
					<trkpt lat="50.703560" lon="2.869460">
						<ele>16</ele>
						<time>2026-07-24T20:39:44Z</time>
					</trkpt>
					<trkpt lat="50.703480" lon="2.869500">
						<ele>16</ele>
						<time>2026-07-24T20:39:46Z</time>
					</trkpt>
					<trkpt lat="50.703280" lon="2.869440">
						<ele>15</ele>
						<time>2026-07-24T20:39:49Z</time>
					</trkpt>
					<trkpt lat="50.702940" lon="2.868950">
						<ele>15</ele>
						<time>2026-07-24T20:39:57Z</time>
					</trkpt>
					<trkpt lat="50.702840" lon="2.868780">
						<ele>15</ele>
						<time>2026-07-24T20:40:00Z</time>
					</trkpt>
					<trkpt lat="50.702830" lon="2.868670">
						<ele>15</ele>
						<time>2026-07-24T20:40:01Z</time>
					</trkpt>
					<trkpt lat="50.702850" lon="2.868620">
						<ele>15</ele>
						<time>2026-07-24T20:40:02Z</time>
					</trkpt>
					<trkpt lat="50.703030" lon="2.868420">
						<ele>15</ele>
						<time>2026-07-24T20:40:06Z</time>
					</trkpt>
					<trkpt lat="50.703060" lon="2.868350">
						<ele>15</ele>
						<time>2026-07-24T20:40:07Z</time>
					</trkpt>
					<trkpt lat="50.703040" lon="2.868220">
						<ele>15</ele>
						<time>2026-07-24T20:40:08Z</time>
					</trkpt>
					<trkpt lat="50.702370" lon="2.866960">
						<ele>14</ele>
						<time>2026-07-24T20:40:27Z</time>
					</trkpt>
					<trkpt lat="50.703580" lon="2.864990">
						<ele>16</ele>
						<time>2026-07-24T20:40:58Z</time>
					</trkpt>
					<trkpt lat="50.704420" lon="2.863760">
						<ele>16</ele>
						<time>2026-07-24T20:41:18Z</time>
					</trkpt>
					<trkpt lat="50.704000" lon="2.863090">
						<ele>16</ele>
						<time>2026-07-24T20:41:29Z</time>
					</trkpt>
					<trkpt lat="50.703550" lon="2.862450">
						<ele>15</ele>
						<time>2026-07-24T20:41:40Z</time>
					</trkpt>
					<trkpt lat="50.702750" lon="2.861410">
						<ele>15</ele>
						<time>2026-07-24T20:41:58Z</time>
					</trkpt>
					<trkpt lat="50.701850" lon="2.860460">
						<ele>17</ele>
						<time>2026-07-24T20:42:17Z</time>
					</trkpt>
					<trkpt lat="50.703370" lon="2.857710">
						<ele>16</ele>
						<time>2026-07-24T20:42:58Z</time>
					</trkpt>
					<trkpt lat="50.703920" lon="2.856890">
						<ele>15</ele>
						<time>2026-07-24T20:43:12Z</time>
					</trkpt>
					<trkpt lat="50.704410" lon="2.856540">
						<ele>15</ele>
						<time>2026-07-24T20:43:21Z</time>
					</trkpt>
					<trkpt lat="50.704970" lon="2.855860">
						<ele>17</ele>
						<time>2026-07-24T20:43:34Z</time>
					</trkpt>
					<trkpt lat="50.705580" lon="2.855060">
						<ele>18</ele>
						<time>2026-07-24T20:43:48Z</time>
					</trkpt>
					<trkpt lat="50.707830" lon="2.852400">
						<ele>17</ele>
						<time>2026-07-24T20:44:38Z</time>
					</trkpt>
					<trkpt lat="50.708950" lon="2.851360">
						<ele>17</ele>
						<time>2026-07-24T20:45:01Z</time>
					</trkpt>
					<trkpt lat="50.708950" lon="2.851100">
						<ele>17</ele>
						<time>2026-07-24T20:45:04Z</time>
					</trkpt>
					<trkpt lat="50.708400" lon="2.849670">
						<ele>18</ele>
						<time>2026-07-24T20:45:23Z</time>
					</trkpt>
					<trkpt lat="50.708740" lon="2.849330">
						<ele>18</ele>
						<time>2026-07-24T20:45:30Z</time>
					</trkpt>
					<trkpt lat="50.708720" lon="2.847590">
						<ele>20</ele>
						<time>2026-07-24T20:45:50Z</time>
					</trkpt>
					<trkpt lat="50.708560" lon="2.847530">
						<ele>20</ele>
						<time>2026-07-24T20:45:53Z</time>
					</trkpt>
					<trkpt lat="50.708480" lon="2.847320">
						<ele>20</ele>
						<time>2026-07-24T20:45:55Z</time>
					</trkpt>
					<trkpt lat="50.708630" lon="2.847460">
						<ele>20</ele>
						<time>2026-07-24T20:45:59Z</time>
					</trkpt>
					<trkpt lat="50.708840" lon="2.847480">
						<ele>20</ele>
						<time>2026-07-24T20:46:02Z</time>
					</trkpt>
					<trkpt lat="50.709010" lon="2.847410">
						<ele>19</ele>
						<time>2026-07-24T20:46:05Z</time>
					</trkpt>
					<trkpt lat="50.709410" lon="2.847150">
						<ele>18</ele>
						<time>2026-07-24T20:46:13Z</time>
					</trkpt>
					<trkpt lat="50.709530" lon="2.847130">
						<ele>18</ele>
						<time>2026-07-24T20:46:15Z</time>
					</trkpt>
					<trkpt lat="50.709660" lon="2.847170">
						<ele>18</ele>
						<time>2026-07-24T20:46:18Z</time>
					</trkpt>
					<trkpt lat="50.710770" lon="2.848870">
						<ele>17</ele>
						<time>2026-07-24T20:46:45Z</time>
					</trkpt>
					<trkpt lat="50.710900" lon="2.848970">
						<ele>17</ele>
						<time>2026-07-24T20:46:48Z</time>
					</trkpt>
					<trkpt lat="50.710990" lon="2.848940">
						<ele>17</ele>
						<time>2026-07-24T20:46:49Z</time>
					</trkpt>
					<trkpt lat="50.713350" lon="2.846850">
						<ele>18</ele>
						<time>2026-07-24T20:47:37Z</time>
					</trkpt>
					<trkpt lat="50.713570" lon="2.846630">
						<ele>18</ele>
						<time>2026-07-24T20:47:42Z</time>
					</trkpt>
					<trkpt lat="50.713730" lon="2.846380">
						<ele>18</ele>
						<time>2026-07-24T20:47:46Z</time>
					</trkpt>
					<trkpt lat="50.714530" lon="2.844540">
						<ele>17</ele>
						<time>2026-07-24T20:48:11Z</time>
					</trkpt>
					<trkpt lat="50.714950" lon="2.843700">
						<ele>16</ele>
						<time>2026-07-24T20:48:23Z</time>
					</trkpt>
					<trkpt lat="50.716690" lon="2.841110">
						<ele>16</ele>
						<time>2026-07-24T20:49:06Z</time>
					</trkpt>
					<trkpt lat="50.716890" lon="2.840870">
						<ele>16</ele>
						<time>2026-07-24T20:49:10Z</time>
					</trkpt>
					<trkpt lat="50.718660" lon="2.839670">
						<ele>17</ele>
						<time>2026-07-24T20:49:45Z</time>
					</trkpt>
					<trkpt lat="50.719270" lon="2.839460">
						<ele>18</ele>
						<time>2026-07-24T20:49:56Z</time>
					</trkpt>
					<trkpt lat="50.719550" lon="2.839410">
						<ele>18</ele>
						<time>2026-07-24T20:50:01Z</time>
					</trkpt>
					<trkpt lat="50.719730" lon="2.839440">
						<ele>17</ele>
						<time>2026-07-24T20:50:04Z</time>
					</trkpt>
					<trkpt lat="50.720530" lon="2.839900">
						<ele>17</ele>
						<time>2026-07-24T20:50:19Z</time>
					</trkpt>
					<trkpt lat="50.721370" lon="2.840480">
						<ele>17</ele>
						<time>2026-07-24T20:50:35Z</time>
					</trkpt>
					<trkpt lat="50.721740" lon="2.840570">
						<ele>18</ele>
						<time>2026-07-24T20:50:42Z</time>
					</trkpt>
					<trkpt lat="50.722310" lon="2.840580">
						<ele>18</ele>
						<time>2026-07-24T20:50:52Z</time>
					</trkpt>
					<trkpt lat="50.722750" lon="2.840480">
						<ele>18</ele>
						<time>2026-07-24T20:51:00Z</time>
					</trkpt>
					<trkpt lat="50.723090" lon="2.840330">
						<ele>18</ele>
						<time>2026-07-24T20:51:06Z</time>
					</trkpt>
					<trkpt lat="50.723530" lon="2.839960">
						<ele>17</ele>
						<time>2026-07-24T20:51:15Z</time>
					</trkpt>
					<trkpt lat="50.724030" lon="2.839420">
						<ele>16</ele>
						<time>2026-07-24T20:51:26Z</time>
					</trkpt>
					<trkpt lat="50.727390" lon="2.835380">
						<ele>18</ele>
						<time>2026-07-24T20:52:41Z</time>
					</trkpt>
					<trkpt lat="50.728070" lon="2.834530">
						<ele>19</ele>
						<time>2026-07-24T20:52:57Z</time>
					</trkpt>
					<trkpt lat="50.728570" lon="2.833970">
						<ele>19</ele>
						<time>2026-07-24T20:53:08Z</time>
					</trkpt>
					<trkpt lat="50.731560" lon="2.831930">
						<ele>22</ele>
						<time>2026-07-24T20:54:05Z</time>
					</trkpt>
					<trkpt lat="50.731920" lon="2.831870">
						<ele>22</ele>
						<time>2026-07-24T20:54:12Z</time>
					</trkpt>
					<trkpt lat="50.732110" lon="2.831880">
						<ele>22</ele>
						<time>2026-07-24T20:54:15Z</time>
					</trkpt>
					<trkpt lat="50.732370" lon="2.831970">
						<ele>22</ele>
						<time>2026-07-24T20:54:20Z</time>
					</trkpt>
					<trkpt lat="50.734060" lon="2.832930">
						<ele>22</ele>
						<time>2026-07-24T20:54:52Z</time>
					</trkpt>
					<trkpt lat="50.734420" lon="2.833030">
						<ele>22</ele>
						<time>2026-07-24T20:54:58Z</time>
					</trkpt>
					<trkpt lat="50.734750" lon="2.833030">
						<ele>22</ele>
						<time>2026-07-24T20:55:04Z</time>
					</trkpt>
					<trkpt lat="50.735060" lon="2.832960">
						<ele>22</ele>
						<time>2026-07-24T20:55:10Z</time>
					</trkpt>
					<trkpt lat="50.735410" lon="2.832780">
						<ele>24</ele>
						<time>2026-07-24T20:55:16Z</time>
					</trkpt>
					<trkpt lat="50.738140" lon="2.830810">
						<ele>31</ele>
						<time>2026-07-24T20:56:10Z</time>
					</trkpt>
					<trkpt lat="50.738690" lon="2.830450">
						<ele>32</ele>
						<time>2026-07-24T20:56:20Z</time>
					</trkpt>
					<trkpt lat="50.739610" lon="2.830080">
						<ele>35</ele>
						<time>2026-07-24T20:56:37Z</time>
					</trkpt>
					<trkpt lat="50.741900" lon="2.829420">
						<ele>42</ele>
						<time>2026-07-24T20:57:19Z</time>
					</trkpt>
					<trkpt lat="50.742050" lon="2.829340">
						<ele>42</ele>
						<time>2026-07-24T20:57:22Z</time>
					</trkpt>
					<trkpt lat="50.742220" lon="2.829190">
						<ele>42</ele>
						<time>2026-07-24T20:57:25Z</time>
					</trkpt>
					<trkpt lat="50.743110" lon="2.827900">
						<ele>47</ele>
						<time>2026-07-24T20:57:47Z</time>
					</trkpt>
					<trkpt lat="50.743280" lon="2.827700">
						<ele>48</ele>
						<time>2026-07-24T20:57:50Z</time>
					</trkpt>
					<trkpt lat="50.744070" lon="2.826980">
						<ele>54</ele>
						<time>2026-07-24T20:58:07Z</time>
					</trkpt>
					<trkpt lat="50.744990" lon="2.826310">
						<ele>59</ele>
						<time>2026-07-24T20:58:25Z</time>
					</trkpt>
					<trkpt lat="50.745390" lon="2.825840">
						<ele>60</ele>
						<time>2026-07-24T20:58:33Z</time>
					</trkpt>
					<trkpt lat="50.746060" lon="2.825280">
						<ele>58</ele>
						<time>2026-07-24T20:58:47Z</time>
					</trkpt>
					<trkpt lat="50.746570" lon="2.826680">
						<ele>58</ele>
						<time>2026-07-24T20:59:05Z</time>
					</trkpt>
					<trkpt lat="50.747050" lon="2.827910">
						<ele>58</ele>
						<time>2026-07-24T20:59:21Z</time>
					</trkpt>
					<trkpt lat="50.747240" lon="2.828380">
						<ele>58</ele>
						<time>2026-07-24T20:59:28Z</time>
					</trkpt>
					<trkpt lat="50.747310" lon="2.828510">
						<ele>58</ele>
						<time>2026-07-24T20:59:30Z</time>
					</trkpt>
					<trkpt lat="50.747380" lon="2.828580">
						<ele>58</ele>
						<time>2026-07-24T20:59:31Z</time>
					</trkpt>
					<trkpt lat="50.747570" lon="2.828610">
						<ele>57</ele>
						<time>2026-07-24T20:59:34Z</time>
					</trkpt>
					<trkpt lat="50.747860" lon="2.828500">
						<ele>55</ele>
						<time>2026-07-24T20:59:40Z</time>
					</trkpt>
					<trkpt lat="50.750980" lon="2.827110">
						<ele>42</ele>
						<time>2026-07-24T21:00:37Z</time>
					</trkpt>
					<trkpt lat="50.751020" lon="2.827170">
						<ele>42</ele>
						<time>2026-07-24T21:00:38Z</time>
					</trkpt>
					<trkpt lat="50.751270" lon="2.827110">
						<ele>42</ele>
						<time>2026-07-24T21:00:43Z</time>
					</trkpt>
					<trkpt lat="50.751420" lon="2.827040">
						<ele>42</ele>
						<time>2026-07-24T21:00:46Z</time>
					</trkpt>
					<trkpt lat="50.751400" lon="2.826770">
						<ele>43</ele>
						<time>2026-07-24T21:00:49Z</time>
					</trkpt>
					<trkpt lat="50.750270" lon="2.826400">
						<ele>46</ele>
						<time>2026-07-24T21:01:09Z</time>
					</trkpt>
					<trkpt lat="50.750020" lon="2.826240">
						<ele>46</ele>
						<time>2026-07-24T21:01:14Z</time>
					</trkpt>
					<trkpt lat="50.749850" lon="2.826090">
						<ele>47</ele>
						<time>2026-07-24T21:01:18Z</time>
					</trkpt>
					<trkpt lat="50.747250" lon="2.822580">
						<ele>64</ele>
						<time>2026-07-24T21:02:18Z</time>
					</trkpt>
					<trkpt lat="50.747000" lon="2.822200">
						<ele>66</ele>
						<time>2026-07-24T21:02:25Z</time>
					</trkpt>
					<trkpt lat="50.747000" lon="2.822140">
						<ele>66</ele>
						<time>2026-07-24T21:02:25Z</time>
					</trkpt>
					<trkpt lat="50.747090" lon="2.822100">
						<ele>66</ele>
						<time>2026-07-24T21:02:27Z</time>
					</trkpt>
					<trkpt lat="50.747240" lon="2.821970">
						<ele>67</ele>
						<time>2026-07-24T21:02:30Z</time>
					</trkpt>
					<trkpt lat="50.747330" lon="2.822020">
						<ele>66</ele>
						<time>2026-07-24T21:02:32Z</time>
					</trkpt>
					<trkpt lat="50.748530" lon="2.821870">
						<ele>64</ele>
						<time>2026-07-24T21:02:53Z</time>
					</trkpt>
					<trkpt lat="50.748970" lon="2.821930">
						<ele>62</ele>
						<time>2026-07-24T21:03:01Z</time>
					</trkpt>
					<trkpt lat="50.749470" lon="2.821950">
						<ele>60</ele>
						<time>2026-07-24T21:03:10Z</time>
					</trkpt>
					<trkpt lat="50.749540" lon="2.821730">
						<ele>61</ele>
						<time>2026-07-24T21:03:13Z</time>
					</trkpt>
					<trkpt lat="50.749560" lon="2.821560">
						<ele>61</ele>
						<time>2026-07-24T21:03:15Z</time>
					</trkpt>
					<trkpt lat="50.749590" lon="2.819250">
						<ele>61</ele>
						<time>2026-07-24T21:03:41Z</time>
					</trkpt>
					<trkpt lat="50.749570" lon="2.818730">
						<ele>60</ele>
						<time>2026-07-24T21:03:46Z</time>
					</trkpt>
					<trkpt lat="50.749890" lon="2.817140">
						<ele>56</ele>
						<time>2026-07-24T21:04:05Z</time>
					</trkpt>
					<trkpt lat="50.749870" lon="2.816910">
						<ele>56</ele>
						<time>2026-07-24T21:04:08Z</time>
					</trkpt>
					<trkpt lat="50.749780" lon="2.816690">
						<ele>56</ele>
						<time>2026-07-24T21:04:11Z</time>
					</trkpt>
					<trkpt lat="50.749760" lon="2.816440">
						<ele>55</ele>
						<time>2026-07-24T21:04:14Z</time>
					</trkpt>
					<trkpt lat="50.749960" lon="2.815550">
						<ele>52</ele>
						<time>2026-07-24T21:04:24Z</time>
					</trkpt>
					<trkpt lat="50.750030" lon="2.815120">
						<ele>50</ele>
						<time>2026-07-24T21:04:29Z</time>
					</trkpt>
					<trkpt lat="50.750330" lon="2.814000">
						<ele>44</ele>
						<time>2026-07-24T21:04:43Z</time>
					</trkpt>
					<trkpt lat="50.750840" lon="2.812620">
						<ele>36</ele>
						<time>2026-07-24T21:05:01Z</time>
					</trkpt>
					<trkpt lat="50.751500" lon="2.811170">
						<ele>40</ele>
						<time>2026-07-24T21:05:21Z</time>
					</trkpt>
					<trkpt lat="50.751550" lon="2.810990">
						<ele>40</ele>
						<time>2026-07-24T21:05:23Z</time>
					</trkpt>
					<trkpt lat="50.751570" lon="2.810800">
						<ele>40</ele>
						<time>2026-07-24T21:05:25Z</time>
					</trkpt>
					<trkpt lat="50.751810" lon="2.810730">
						<ele>40</ele>
						<time>2026-07-24T21:05:30Z</time>
					</trkpt>
					<trkpt lat="50.751920" lon="2.810800">
						<ele>40</ele>
						<time>2026-07-24T21:05:32Z</time>
					</trkpt>
					<trkpt lat="50.753020" lon="2.812220">
						<ele>41</ele>
						<time>2026-07-24T21:05:57Z</time>
					</trkpt>
					<trkpt lat="50.753140" lon="2.812230">
						<ele>41</ele>
						<time>2026-07-24T21:05:59Z</time>
					</trkpt>
					<trkpt lat="50.753450" lon="2.811990">
						<ele>42</ele>
						<time>2026-07-24T21:06:05Z</time>
					</trkpt>
					<trkpt lat="50.753800" lon="2.811850">
						<ele>43</ele>
						<time>2026-07-24T21:06:12Z</time>
					</trkpt>
					<trkpt lat="50.753960" lon="2.811710">
						<ele>43</ele>
						<time>2026-07-24T21:06:15Z</time>
					</trkpt>
					<trkpt lat="50.754250" lon="2.811280">
						<ele>43</ele>
						<time>2026-07-24T21:06:22Z</time>
					</trkpt>
					<trkpt lat="50.755370" lon="2.809490">
						<ele>42</ele>
						<time>2026-07-24T21:06:50Z</time>
					</trkpt>
					<trkpt lat="50.755980" lon="2.808690">
						<ele>40</ele>
						<time>2026-07-24T21:07:05Z</time>
					</trkpt>
					<trkpt lat="50.756100" lon="2.808580">
						<ele>39</ele>
						<time>2026-07-24T21:07:07Z</time>
					</trkpt>
					<trkpt lat="50.756830" lon="2.806630">
						<ele>36</ele>
						<time>2026-07-24T21:07:33Z</time>
					</trkpt>
					<trkpt lat="50.756910" lon="2.806280">
						<ele>36</ele>
						<time>2026-07-24T21:07:37Z</time>
					</trkpt>
					<trkpt lat="50.756910" lon="2.805910">
						<ele>35</ele>
						<time>2026-07-24T21:07:41Z</time>
					</trkpt>
					<trkpt lat="50.757260" lon="2.805870">
						<ele>34</ele>
						<time>2026-07-24T21:07:47Z</time>
					</trkpt>
					<trkpt lat="50.758090" lon="2.805670">
						<ele>32</ele>
						<time>2026-07-24T21:08:02Z</time>
					</trkpt>
					<trkpt lat="50.759050" lon="2.805570">
						<ele>31</ele>
						<time>2026-07-24T21:08:19Z</time>
					</trkpt>
					<trkpt lat="50.759310" lon="2.805480">
						<ele>31</ele>
						<time>2026-07-24T21:08:24Z</time>
					</trkpt>
					<trkpt lat="50.759440" lon="2.805240">
						<ele>31</ele>
						<time>2026-07-24T21:08:28Z</time>
					</trkpt>
					<trkpt lat="50.759510" lon="2.804750">
						<ele>31</ele>
						<time>2026-07-24T21:08:33Z</time>
					</trkpt>
					<trkpt lat="50.759630" lon="2.804540">
						<ele>31</ele>
						<time>2026-07-24T21:08:36Z</time>
					</trkpt>
					<trkpt lat="50.759710" lon="2.804480">
						<ele>31</ele>
						<time>2026-07-24T21:08:38Z</time>
					</trkpt>
					<trkpt lat="50.761210" lon="2.803950">
						<ele>35</ele>
						<time>2026-07-24T21:09:05Z</time>
					</trkpt>
					<trkpt lat="50.761700" lon="2.803750">
						<ele>37</ele>
						<time>2026-07-24T21:09:14Z</time>
					</trkpt>
					<trkpt lat="50.762600" lon="2.803310">
						<ele>39</ele>
						<time>2026-07-24T21:09:31Z</time>
					</trkpt>
					<trkpt lat="50.762980" lon="2.803270">
						<ele>41</ele>
						<time>2026-07-24T21:09:38Z</time>
					</trkpt>
					<trkpt lat="50.764060" lon="2.803420">
						<ele>45</ele>
						<time>2026-07-24T21:09:57Z</time>
					</trkpt>
					<trkpt lat="50.764110" lon="2.803710">
						<ele>45</ele>
						<time>2026-07-24T21:10:00Z</time>
					</trkpt>
					<trkpt lat="50.764210" lon="2.803930">
						<ele>46</ele>
						<time>2026-07-24T21:10:04Z</time>
					</trkpt>
					<trkpt lat="50.766030" lon="2.806940">
						<ele>48</ele>
						<time>2026-07-24T21:10:50Z</time>
					</trkpt>
					<trkpt lat="50.766330" lon="2.807500">
						<ele>46</ele>
						<time>2026-07-24T21:10:59Z</time>
					</trkpt>
					<trkpt lat="50.765260" lon="2.808690">
						<ele>42</ele>
						<time>2026-07-24T21:11:22Z</time>
					</trkpt>
					<trkpt lat="50.764830" lon="2.811040">
						<ele>38</ele>
						<time>2026-07-24T21:11:49Z</time>
					</trkpt>
					<trkpt lat="50.764790" lon="2.811380">
						<ele>38</ele>
						<time>2026-07-24T21:11:53Z</time>
					</trkpt>
					<trkpt lat="50.764770" lon="2.812200">
						<ele>37</ele>
						<time>2026-07-24T21:12:03Z</time>
					</trkpt>
					<trkpt lat="50.764600" lon="2.813620">
						<ele>35</ele>
						<time>2026-07-24T21:12:19Z</time>
					</trkpt>
					<trkpt lat="50.764400" lon="2.814880">
						<ele>34</ele>
						<time>2026-07-24T21:12:33Z</time>
					</trkpt>
					<trkpt lat="50.764570" lon="2.815740">
						<ele>33</ele>
						<time>2026-07-24T21:12:44Z</time>
					</trkpt>
					<trkpt lat="50.764580" lon="2.815900">
						<ele>33</ele>
						<time>2026-07-24T21:12:45Z</time>
					</trkpt>
					<trkpt lat="50.764340" lon="2.816880">
						<ele>32</ele>
						<time>2026-07-24T21:12:57Z</time>
					</trkpt>
					<trkpt lat="50.764360" lon="2.817080">
						<ele>32</ele>
						<time>2026-07-24T21:13:00Z</time>
					</trkpt>
					<trkpt lat="50.764650" lon="2.817780">
						<ele>35</ele>
						<time>2026-07-24T21:13:09Z</time>
					</trkpt>
					<trkpt lat="50.764440" lon="2.818120">
						<ele>35</ele>
						<time>2026-07-24T21:13:14Z</time>
					</trkpt>
					<trkpt lat="50.764140" lon="2.818500">
						<ele>34</ele>
						<time>2026-07-24T21:13:21Z</time>
					</trkpt>
					<trkpt lat="50.763660" lon="2.819000">
						<ele>33</ele>
						<time>2026-07-24T21:13:31Z</time>
					</trkpt>
					<trkpt lat="50.763190" lon="2.819620">
						<ele>32</ele>
						<time>2026-07-24T21:13:42Z</time>
					</trkpt>
					<trkpt lat="50.762470" lon="2.820190">
						<ele>29</ele>
						<time>2026-07-24T21:13:57Z</time>
					</trkpt>
					<trkpt lat="50.762050" lon="2.820430">
						<ele>30</ele>
						<time>2026-07-24T21:14:05Z</time>
					</trkpt>
					<trkpt lat="50.762000" lon="2.821480">
						<ele>30</ele>
						<time>2026-07-24T21:14:16Z</time>
					</trkpt>
					<trkpt lat="50.762090" lon="2.822230">
						<ele>30</ele>
						<time>2026-07-24T21:14:25Z</time>
					</trkpt>
					<trkpt lat="50.762110" lon="2.823130">
						<ele>30</ele>
						<time>2026-07-24T21:14:35Z</time>
					</trkpt>
					<trkpt lat="50.762300" lon="2.824300">
						<ele>31</ele>
						<time>2026-07-24T21:14:49Z</time>
					</trkpt>
					<trkpt lat="50.762590" lon="2.826730">
						<ele>28</ele>
						<time>2026-07-24T21:15:17Z</time>
					</trkpt>
					<trkpt lat="50.762710" lon="2.826970">
						<ele>29</ele>
						<time>2026-07-24T21:15:20Z</time>
					</trkpt>
					<trkpt lat="50.763010" lon="2.827390">
						<ele>30</ele>
						<time>2026-07-24T21:15:27Z</time>
					</trkpt>
					<trkpt lat="50.763130" lon="2.827670">
						<ele>30</ele>
						<time>2026-07-24T21:15:31Z</time>
					</trkpt>
					<trkpt lat="50.764420" lon="2.827200">
						<ele>33</ele>
						<time>2026-07-24T21:15:54Z</time>
					</trkpt>
					<trkpt lat="50.764830" lon="2.826890">
						<ele>33</ele>
						<time>2026-07-24T21:16:03Z</time>
					</trkpt>
					<trkpt lat="50.765200" lon="2.826570">
						<ele>33</ele>
						<time>2026-07-24T21:16:10Z</time>
					</trkpt>
					<trkpt lat="50.765310" lon="2.826260">
						<ele>33</ele>
						<time>2026-07-24T21:16:14Z</time>
					</trkpt>
					<trkpt lat="50.765640" lon="2.825890">
						<ele>34</ele>
						<time>2026-07-24T21:16:21Z</time>
					</trkpt>
					<trkpt lat="50.765900" lon="2.825440">
						<ele>35</ele>
						<time>2026-07-24T21:16:28Z</time>
					</trkpt>
					<trkpt lat="50.766060" lon="2.825270">
						<ele>36</ele>
						<time>2026-07-24T21:16:32Z</time>
					</trkpt>
					<trkpt lat="50.767180" lon="2.824390">
						<ele>37</ele>
						<time>2026-07-24T21:16:54Z</time>
					</trkpt>
					<trkpt lat="50.767290" lon="2.824250">
						<ele>37</ele>
						<time>2026-07-24T21:16:56Z</time>
					</trkpt>
					<trkpt lat="50.767470" lon="2.823860">
						<ele>37</ele>
						<time>2026-07-24T21:17:02Z</time>
					</trkpt>
					<trkpt lat="50.767560" lon="2.823740">
						<ele>38</ele>
						<time>2026-07-24T21:17:04Z</time>
					</trkpt>
					<trkpt lat="50.768150" lon="2.823370">
						<ele>38</ele>
						<time>2026-07-24T21:17:15Z</time>
					</trkpt>
					<trkpt lat="50.768480" lon="2.823280">
						<ele>39</ele>
						<time>2026-07-24T21:17:21Z</time>
					</trkpt>
					<trkpt lat="50.769060" lon="2.822640">
						<ele>40</ele>
						<time>2026-07-24T21:17:34Z</time>
					</trkpt>
					<trkpt lat="50.769260" lon="2.822360">
						<ele>41</ele>
						<time>2026-07-24T21:17:38Z</time>
					</trkpt>
					<trkpt lat="50.770610" lon="2.821170">
						<ele>48</ele>
						<time>2026-07-24T21:18:06Z</time>
					</trkpt>
					<trkpt lat="50.770520" lon="2.820740">
						<ele>48</ele>
						<time>2026-07-24T21:18:11Z</time>
					</trkpt>
					<trkpt lat="50.770380" lon="2.820270">
						<ele>49</ele>
						<time>2026-07-24T21:18:17Z</time>
					</trkpt>
					<trkpt lat="50.770690" lon="2.819980">
						<ele>50</ele>
						<time>2026-07-24T21:18:23Z</time>
					</trkpt>
					<trkpt lat="50.770880" lon="2.819750">
						<ele>51</ele>
						<time>2026-07-24T21:18:28Z</time>
					</trkpt>
					<trkpt lat="50.771130" lon="2.819180">
						<ele>53</ele>
						<time>2026-07-24T21:18:35Z</time>
					</trkpt>
					<trkpt lat="50.771330" lon="2.818480">
						<ele>56</ele>
						<time>2026-07-24T21:18:44Z</time>
					</trkpt>
					<trkpt lat="50.771730" lon="2.817690">
						<ele>61</ele>
						<time>2026-07-24T21:18:55Z</time>
					</trkpt>
					<trkpt lat="50.771860" lon="2.817510">
						<ele>62</ele>
						<time>2026-07-24T21:18:58Z</time>
					</trkpt>
					<trkpt lat="50.772160" lon="2.817190">
						<ele>64</ele>
						<time>2026-07-24T21:19:05Z</time>
					</trkpt>
					<trkpt lat="50.772200" lon="2.817000">
						<ele>65</ele>
						<time>2026-07-24T21:19:07Z</time>
					</trkpt>
					<trkpt lat="50.772190" lon="2.816930">
						<ele>65</ele>
						<time>2026-07-24T21:19:08Z</time>
					</trkpt>
					<trkpt lat="50.772030" lon="2.816550">
						<ele>66</ele>
						<time>2026-07-24T21:19:13Z</time>
					</trkpt>
					<trkpt lat="50.772010" lon="2.816440">
						<ele>66</ele>
						<time>2026-07-24T21:19:14Z</time>
					</trkpt>
					<trkpt lat="50.772030" lon="2.816280">
						<ele>66</ele>
						<time>2026-07-24T21:19:16Z</time>
					</trkpt>
					<trkpt lat="50.772150" lon="2.815850">
						<ele>68</ele>
						<time>2026-07-24T21:19:21Z</time>
					</trkpt>
					<trkpt lat="50.772170" lon="2.815280">
						<ele>70</ele>
						<time>2026-07-24T21:19:28Z</time>
					</trkpt>
					<trkpt lat="50.772150" lon="2.814820">
						<ele>71</ele>
						<time>2026-07-24T21:19:33Z</time>
					</trkpt>
					<trkpt lat="50.772180" lon="2.814730">
						<ele>72</ele>
						<time>2026-07-24T21:19:34Z</time>
					</trkpt>
					<trkpt lat="50.772420" lon="2.814500">
						<ele>75</ele>
						<time>2026-07-24T21:19:39Z</time>
					</trkpt>
					<trkpt lat="50.773330" lon="2.813900">
						<ele>85</ele>
						<time>2026-07-24T21:19:57Z</time>
					</trkpt>
					<trkpt lat="50.774620" lon="2.812820">
						<ele>101</ele>
						<time>2026-07-24T21:20:23Z</time>
					</trkpt>
					<trkpt lat="50.775010" lon="2.813280">
						<ele>99</ele>
						<time>2026-07-24T21:20:31Z</time>
					</trkpt>
					<trkpt lat="50.775340" lon="2.813610">
						<ele>97</ele>
						<time>2026-07-24T21:20:38Z</time>
					</trkpt>
					<trkpt lat="50.775880" lon="2.813920">
						<ele>99</ele>
						<time>2026-07-24T21:20:49Z</time>
					</trkpt>
					<trkpt lat="50.775950" lon="2.814000">
						<ele>100</ele>
						<time>2026-07-24T21:20:50Z</time>
					</trkpt>
					<trkpt lat="50.776020" lon="2.814140">
						<ele>101</ele>
						<time>2026-07-24T21:20:52Z</time>
					</trkpt>
					<trkpt lat="50.776100" lon="2.815300">
						<ele>104</ele>
						<time>2026-07-24T21:21:05Z</time>
					</trkpt>
					<trkpt lat="50.776110" lon="2.816170">
						<ele>105</ele>
						<time>2026-07-24T21:21:15Z</time>
					</trkpt>
					<trkpt lat="50.776200" lon="2.816520">
						<ele>106</ele>
						<time>2026-07-24T21:21:19Z</time>
					</trkpt>
					<trkpt lat="50.776820" lon="2.818160">
						<ele>103</ele>
						<time>2026-07-24T21:21:41Z</time>
					</trkpt>
					<trkpt lat="50.776950" lon="2.818410">
						<ele>102</ele>
						<time>2026-07-24T21:21:44Z</time>
					</trkpt>
					<trkpt lat="50.777320" lon="2.818960">
						<ele>103</ele>
						<time>2026-07-24T21:21:53Z</time>
					</trkpt>
					<trkpt lat="50.778250" lon="2.820490">
						<ele>92</ele>
						<time>2026-07-24T21:22:17Z</time>
					</trkpt>
					<trkpt lat="50.778540" lon="2.820780">
						<ele>90</ele>
						<time>2026-07-24T21:22:23Z</time>
					</trkpt>
					<trkpt lat="50.778620" lon="2.820820">
						<ele>90</ele>
						<time>2026-07-24T21:22:25Z</time>
					</trkpt>
					<trkpt lat="50.778790" lon="2.820640">
						<ele>90</ele>
						<time>2026-07-24T21:22:29Z</time>
					</trkpt>
					<trkpt lat="50.779050" lon="2.820450">
						<ele>90</ele>
						<time>2026-07-24T21:22:34Z</time>
					</trkpt>
					<trkpt lat="50.780030" lon="2.819920">
						<ele>95</ele>
						<time>2026-07-24T21:22:52Z</time>
					</trkpt>
					<trkpt lat="50.780240" lon="2.819660">
						<ele>97</ele>
						<time>2026-07-24T21:22:57Z</time>
					</trkpt>
					<trkpt lat="50.780380" lon="2.819330">
						<ele>100</ele>
						<time>2026-07-24T21:23:01Z</time>
					</trkpt>
					<trkpt lat="50.780570" lon="2.818970">
						<ele>101</ele>
						<time>2026-07-24T21:23:07Z</time>
					</trkpt>
					<trkpt lat="50.781040" lon="2.818450">
						<ele>100</ele>
						<time>2026-07-24T21:23:17Z</time>
					</trkpt>
					<trkpt lat="50.781280" lon="2.818060">
						<ele>98</ele>
						<time>2026-07-24T21:23:23Z</time>
					</trkpt>
					<trkpt lat="50.781500" lon="2.817830">
						<ele>95</ele>
						<time>2026-07-24T21:23:28Z</time>
					</trkpt>
					<trkpt lat="50.781830" lon="2.817560">
						<ele>91</ele>
						<time>2026-07-24T21:23:34Z</time>
					</trkpt>
					<trkpt lat="50.782100" lon="2.817180">
						<ele>90</ele>
						<time>2026-07-24T21:23:41Z</time>
					</trkpt>
					<trkpt lat="50.782290" lon="2.817200">
						<ele>89</ele>
						<time>2026-07-24T21:23:44Z</time>
					</trkpt>
					<trkpt lat="50.782380" lon="2.816410">
						<ele>89</ele>
						<time>2026-07-24T21:23:53Z</time>
					</trkpt>
					<trkpt lat="50.782440" lon="2.815390">
						<ele>89</ele>
						<time>2026-07-24T21:24:05Z</time>
					</trkpt>
					<trkpt lat="50.782440" lon="2.814920">
						<ele>90</ele>
						<time>2026-07-24T21:24:10Z</time>
					</trkpt>
					<trkpt lat="50.782340" lon="2.813830">
						<ele>96</ele>
						<time>2026-07-24T21:24:22Z</time>
					</trkpt>
					<trkpt lat="50.782360" lon="2.813290">
						<ele>97</ele>
						<time>2026-07-24T21:24:28Z</time>
					</trkpt>
					<trkpt lat="50.782340" lon="2.812910">
						<ele>98</ele>
						<time>2026-07-24T21:24:33Z</time>
					</trkpt>
					<trkpt lat="50.782200" lon="2.812270">
						<ele>101</ele>
						<time>2026-07-24T21:24:40Z</time>
					</trkpt>
					<trkpt lat="50.782150" lon="2.811350">
						<ele>103</ele>
						<time>2026-07-24T21:24:51Z</time>
					</trkpt>
					<trkpt lat="50.782250" lon="2.809370">
						<ele>87</ele>
						<time>2026-07-24T21:25:13Z</time>
					</trkpt>
					<trkpt lat="50.782250" lon="2.807040">
						<ele>82</ele>
						<time>2026-07-24T21:25:39Z</time>
					</trkpt>
					<trkpt lat="50.782070" lon="2.805870">
						<ele>82</ele>
						<time>2026-07-24T21:25:53Z</time>
					</trkpt>
					<trkpt lat="50.781530" lon="2.803310">
						<ele>79</ele>
						<time>2026-07-24T21:26:23Z</time>
					</trkpt>
					<trkpt lat="50.781260" lon="2.802300">
						<ele>80</ele>
						<time>2026-07-24T21:26:35Z</time>
					</trkpt>
					<trkpt lat="50.781180" lon="2.802100">
						<ele>81</ele>
						<time>2026-07-24T21:26:38Z</time>
					</trkpt>
					<trkpt lat="50.780580" lon="2.800950">
						<ele>80</ele>
						<time>2026-07-24T21:26:55Z</time>
					</trkpt>
					<trkpt lat="50.780640" lon="2.800680">
						<ele>79</ele>
						<time>2026-07-24T21:26:58Z</time>
					</trkpt>
					<trkpt lat="50.782480" lon="2.794760">
						<ele>75</ele>
						<time>2026-07-24T21:28:12Z</time>
					</trkpt>
					<trkpt lat="50.782870" lon="2.793640">
						<ele>73</ele>
						<time>2026-07-24T21:28:27Z</time>
					</trkpt>
					<trkpt lat="50.783610" lon="2.791890">
						<ele>71</ele>
						<time>2026-07-24T21:28:50Z</time>
					</trkpt>
					<trkpt lat="50.782350" lon="2.789640">
						<ele>74</ele>
						<time>2026-07-24T21:29:24Z</time>
					</trkpt>
					<trkpt lat="50.782200" lon="2.789480">
						<ele>74</ele>
						<time>2026-07-24T21:29:27Z</time>
					</trkpt>
					<trkpt lat="50.782060" lon="2.789480">
						<ele>74</ele>
						<time>2026-07-24T21:29:30Z</time>
					</trkpt>
					<trkpt lat="50.780740" lon="2.789830">
						<ele>74</ele>
						<time>2026-07-24T21:29:54Z</time>
					</trkpt>
					<trkpt lat="50.779040" lon="2.790550">
						<ele>69</ele>
						<time>2026-07-24T21:30:25Z</time>
					</trkpt>
					<trkpt lat="50.778950" lon="2.789900">
						<ele>68</ele>
						<time>2026-07-24T21:30:33Z</time>
					</trkpt>
					<trkpt lat="50.778930" lon="2.789310">
						<ele>66</ele>
						<time>2026-07-24T21:30:39Z</time>
					</trkpt>
					<trkpt lat="50.778980" lon="2.787620">
						<ele>61</ele>
						<time>2026-07-24T21:30:58Z</time>
					</trkpt>
					<trkpt lat="50.778620" lon="2.787330">
						<ele>59</ele>
						<time>2026-07-24T21:31:05Z</time>
					</trkpt>
					<trkpt lat="50.778120" lon="2.786780">
						<ele>55</ele>
						<time>2026-07-24T21:31:16Z</time>
					</trkpt>
					<trkpt lat="50.777690" lon="2.786580">
						<ele>52</ele>
						<time>2026-07-24T21:31:24Z</time>
					</trkpt>
					<trkpt lat="50.777490" lon="2.786440">
						<ele>51</ele>
						<time>2026-07-24T21:31:28Z</time>
					</trkpt>
					<trkpt lat="50.777410" lon="2.786300">
						<ele>51</ele>
						<time>2026-07-24T21:31:30Z</time>
					</trkpt>
					<trkpt lat="50.777350" lon="2.785540">
						<ele>50</ele>
						<time>2026-07-24T21:31:39Z</time>
					</trkpt>
					<trkpt lat="50.776780" lon="2.782330">
						<ele>58</ele>
						<time>2026-07-24T21:32:16Z</time>
					</trkpt>
					<trkpt lat="50.776530" lon="2.781430">
						<ele>60</ele>
						<time>2026-07-24T21:32:27Z</time>
					</trkpt>
					<trkpt lat="50.776210" lon="2.780570">
						<ele>62</ele>
						<time>2026-07-24T21:32:39Z</time>
					</trkpt>
					<trkpt lat="50.776110" lon="2.780090">
						<ele>63</ele>
						<time>2026-07-24T21:32:44Z</time>
					</trkpt>
					<trkpt lat="50.776000" lon="2.779370">
						<ele>65</ele>
						<time>2026-07-24T21:32:53Z</time>
					</trkpt>
					<trkpt lat="50.775810" lon="2.778620">
						<ele>67</ele>
						<time>2026-07-24T21:33:02Z</time>
					</trkpt>
					<trkpt lat="50.775480" lon="2.777090">
						<ele>71</ele>
						<time>2026-07-24T21:33:20Z</time>
					</trkpt>
					<trkpt lat="50.775400" lon="2.776920">
						<ele>72</ele>
						<time>2026-07-24T21:33:22Z</time>
					</trkpt>
					<trkpt lat="50.775220" lon="2.776660">
						<ele>73</ele>
						<time>2026-07-24T21:33:27Z</time>
					</trkpt>
					<trkpt lat="50.774580" lon="2.775840">
						<ele>75</ele>
						<time>2026-07-24T21:33:41Z</time>
					</trkpt>
					<trkpt lat="50.774540" lon="2.775660">
						<ele>74</ele>
						<time>2026-07-24T21:33:43Z</time>
					</trkpt>
					<trkpt lat="50.774630" lon="2.775480">
						<ele>74</ele>
						<time>2026-07-24T21:33:46Z</time>
					</trkpt>
					<trkpt lat="50.775000" lon="2.775010">
						<ele>73</ele>
						<time>2026-07-24T21:33:55Z</time>
					</trkpt>
					<trkpt lat="50.775410" lon="2.774570">
						<ele>71</ele>
						<time>2026-07-24T21:34:03Z</time>
					</trkpt>
					<trkpt lat="50.775580" lon="2.774420">
						<ele>70</ele>
						<time>2026-07-24T21:34:07Z</time>
					</trkpt>
					<trkpt lat="50.776220" lon="2.774050">
						<ele>70</ele>
						<time>2026-07-24T21:34:19Z</time>
					</trkpt>
					<trkpt lat="50.776880" lon="2.773950">
						<ele>72</ele>
						<time>2026-07-24T21:34:31Z</time>
					</trkpt>
					<trkpt lat="50.777840" lon="2.773750">
						<ele>74</ele>
						<time>2026-07-24T21:34:48Z</time>
					</trkpt>
					<trkpt lat="50.778480" lon="2.773400">
						<ele>76</ele>
						<time>2026-07-24T21:35:00Z</time>
					</trkpt>
					<trkpt lat="50.779260" lon="2.772550">
						<ele>77</ele>
						<time>2026-07-24T21:35:17Z</time>
					</trkpt>
					<trkpt lat="50.780030" lon="2.771380">
						<ele>79</ele>
						<time>2026-07-24T21:35:36Z</time>
					</trkpt>
					<trkpt lat="50.780060" lon="2.771420">
						<ele>80</ele>
						<time>2026-07-24T21:35:37Z</time>
					</trkpt>
					<trkpt lat="50.780250" lon="2.771040">
						<ele>80</ele>
						<time>2026-07-24T21:35:42Z</time>
					</trkpt>
					<trkpt lat="50.780310" lon="2.770860">
						<ele>80</ele>
						<time>2026-07-24T21:35:44Z</time>
					</trkpt>
					<trkpt lat="50.780440" lon="2.770220">
						<ele>79</ele>
						<time>2026-07-24T21:35:52Z</time>
					</trkpt>
					<trkpt lat="50.780610" lon="2.769820">
						<ele>79</ele>
						<time>2026-07-24T21:35:57Z</time>
					</trkpt>
					<trkpt lat="50.781300" lon="2.769050">
						<ele>81</ele>
						<time>2026-07-24T21:36:12Z</time>
					</trkpt>
					<trkpt lat="50.781580" lon="2.768820">
						<ele>83</ele>
						<time>2026-07-24T21:36:18Z</time>
					</trkpt>
					<trkpt lat="50.783230" lon="2.767750">
						<ele>94</ele>
						<time>2026-07-24T21:36:50Z</time>
					</trkpt>
					<trkpt lat="50.783500" lon="2.767470">
						<ele>94</ele>
						<time>2026-07-24T21:36:55Z</time>
					</trkpt>
					<trkpt lat="50.783810" lon="2.767060">
						<ele>96</ele>
						<time>2026-07-24T21:37:03Z</time>
					</trkpt>
					<trkpt lat="50.783870" lon="2.767120">
						<ele>96</ele>
						<time>2026-07-24T21:37:04Z</time>
					</trkpt>
					<trkpt lat="50.784490" lon="2.768390">
						<ele>94</ele>
						<time>2026-07-24T21:37:22Z</time>
					</trkpt>
					<trkpt lat="50.784850" lon="2.768970">
						<ele>93</ele>
						<time>2026-07-24T21:37:31Z</time>
					</trkpt>
					<trkpt lat="50.785340" lon="2.769490">
						<ele>91</ele>
						<time>2026-07-24T21:37:42Z</time>
					</trkpt>
					<trkpt lat="50.785740" lon="2.770020">
						<ele>89</ele>
						<time>2026-07-24T21:37:51Z</time>
					</trkpt>
					<trkpt lat="50.786080" lon="2.770350">
						<ele>89</ele>
						<time>2026-07-24T21:37:58Z</time>
					</trkpt>
					<trkpt lat="50.786620" lon="2.770780">
						<ele>88</ele>
						<time>2026-07-24T21:38:09Z</time>
					</trkpt>
					<trkpt lat="50.786680" lon="2.770780">
						<ele>88</ele>
						<time>2026-07-24T21:38:10Z</time>
					</trkpt>
					<trkpt lat="50.786700" lon="2.771030">
						<ele>88</ele>
						<time>2026-07-24T21:38:13Z</time>
					</trkpt>
					<trkpt lat="50.787040" lon="2.771060">
						<ele>89</ele>
						<time>2026-07-24T21:38:19Z</time>
					</trkpt>
					<trkpt lat="50.787450" lon="2.771220">
						<ele>89</ele>
						<time>2026-07-24T21:38:26Z</time>
					</trkpt>
					<trkpt lat="50.787490" lon="2.771150">
						<ele>90</ele>
						<time>2026-07-24T21:38:27Z</time>
					</trkpt>
					<trkpt lat="50.789010" lon="2.771880">
						<ele>94</ele>
						<time>2026-07-24T21:38:55Z</time>
					</trkpt>
					<trkpt lat="50.789110" lon="2.771820">
						<ele>94</ele>
						<time>2026-07-24T21:38:57Z</time>
					</trkpt>
					<trkpt lat="50.789320" lon="2.771970">
						<ele>94</ele>
						<time>2026-07-24T21:39:01Z</time>
					</trkpt>
					<trkpt lat="50.789310" lon="2.771780">
						<ele>94</ele>
						<time>2026-07-24T21:39:04Z</time>
					</trkpt>
					<trkpt lat="50.789270" lon="2.771640">
						<ele>94</ele>
						<time>2026-07-24T21:39:05Z</time>
					</trkpt>
					<trkpt lat="50.789190" lon="2.771510">
						<ele>94</ele>
						<time>2026-07-24T21:39:07Z</time>
					</trkpt>
					<trkpt lat="50.788040" lon="2.770110">
						<ele>94</ele>
						<time>2026-07-24T21:39:33Z</time>
					</trkpt>
					<trkpt lat="50.787620" lon="2.769420">
						<ele>94</ele>
						<time>2026-07-24T21:39:44Z</time>
					</trkpt>
					<trkpt lat="50.788090" lon="2.768680">
						<ele>94</ele>
						<time>2026-07-24T21:39:56Z</time>
					</trkpt>
					<trkpt lat="50.788140" lon="2.768450">
						<ele>93</ele>
						<time>2026-07-24T21:39:59Z</time>
					</trkpt>
					<trkpt lat="50.788060" lon="2.767960">
						<ele>94</ele>
						<time>2026-07-24T21:40:04Z</time>
					</trkpt>
					<trkpt lat="50.788070" lon="2.767860">
						<ele>93</ele>
						<time>2026-07-24T21:40:05Z</time>
					</trkpt>
					<trkpt lat="50.788450" lon="2.766910">
						<ele>92</ele>
						<time>2026-07-24T21:40:18Z</time>
					</trkpt>
					<trkpt lat="50.788550" lon="2.766820">
						<ele>92</ele>
						<time>2026-07-24T21:40:20Z</time>
					</trkpt>
					<trkpt lat="50.789040" lon="2.766730">
						<ele>88</ele>
						<time>2026-07-24T21:40:29Z</time>
					</trkpt>
					<trkpt lat="50.789340" lon="2.766590">
						<ele>87</ele>
						<time>2026-07-24T21:40:34Z</time>
					</trkpt>
					<trkpt lat="50.789580" lon="2.766370">
						<ele>88</ele>
						<time>2026-07-24T21:40:39Z</time>
					</trkpt>
					<trkpt lat="50.789890" lon="2.766020">
						<ele>89</ele>
						<time>2026-07-24T21:40:46Z</time>
					</trkpt>
					<trkpt lat="50.790020" lon="2.765840">
						<ele>89</ele>
						<time>2026-07-24T21:40:49Z</time>
					</trkpt>
					<trkpt lat="50.790220" lon="2.765420">
						<ele>88</ele>
						<time>2026-07-24T21:40:55Z</time>
					</trkpt>
					<trkpt lat="50.790350" lon="2.765020">
						<ele>88</ele>
						<time>2026-07-24T21:41:00Z</time>
					</trkpt>
					<trkpt lat="50.790460" lon="2.764480">
						<ele>87</ele>
						<time>2026-07-24T21:41:07Z</time>
					</trkpt>
					<trkpt lat="50.789830" lon="2.763500">
						<ele>93</ele>
						<time>2026-07-24T21:41:22Z</time>
					</trkpt>
					<trkpt lat="50.789770" lon="2.763490">
						<ele>93</ele>
						<time>2026-07-24T21:41:23Z</time>
					</trkpt>
					<trkpt lat="50.789480" lon="2.763780">
						<ele>98</ele>
						<time>2026-07-24T21:41:29Z</time>
					</trkpt>
					<trkpt lat="50.789390" lon="2.763830">
						<ele>99</ele>
						<time>2026-07-24T21:41:31Z</time>
					</trkpt>
					<trkpt lat="50.789280" lon="2.763660">
						<ele>100</ele>
						<time>2026-07-24T21:41:34Z</time>
					</trkpt>
					<trkpt lat="50.789210" lon="2.763660">
						<ele>101</ele>
						<time>2026-07-24T21:41:35Z</time>
					</trkpt>
					<trkpt lat="50.788500" lon="2.764240">
						<ele>111</ele>
						<time>2026-07-24T21:41:49Z</time>
					</trkpt>
					<trkpt lat="50.788370" lon="2.764310">
						<ele>112</ele>
						<time>2026-07-24T21:41:52Z</time>
					</trkpt>
					<trkpt lat="50.788300" lon="2.764300">
						<ele>114</ele>
						<time>2026-07-24T21:41:53Z</time>
					</trkpt>
					<trkpt lat="50.788230" lon="2.764250">
						<ele>116</ele>
						<time>2026-07-24T21:41:54Z</time>
					</trkpt>
					<trkpt lat="50.788150" lon="2.764080">
						<ele>118</ele>
						<time>2026-07-24T21:41:57Z</time>
					</trkpt>
					<trkpt lat="50.787810" lon="2.763880">
						<ele>126</ele>
						<time>2026-07-24T21:42:03Z</time>
					</trkpt>
					<trkpt lat="50.787540" lon="2.763570">
						<ele>131</ele>
						<time>2026-07-24T21:42:09Z</time>
					</trkpt>
					<trkpt lat="50.787440" lon="2.763360">
						<ele>131</ele>
						<time>2026-07-24T21:42:12Z</time>
					</trkpt>
					<trkpt lat="50.787390" lon="2.763060">
						<ele>131</ele>
						<time>2026-07-24T21:42:16Z</time>
					</trkpt>
					<trkpt lat="50.787300" lon="2.762780">
						<ele>131</ele>
						<time>2026-07-24T21:42:19Z</time>
					</trkpt>
					<trkpt lat="50.787170" lon="2.762540">
						<ele>131</ele>
						<time>2026-07-24T21:42:23Z</time>
					</trkpt>
					<trkpt lat="50.787010" lon="2.762350">
						<ele>132</ele>
						<time>2026-07-24T21:42:26Z</time>
					</trkpt>
					<trkpt lat="50.786820" lon="2.762200">
						<ele>134</ele>
						<time>2026-07-24T21:42:30Z</time>
					</trkpt>
					<trkpt lat="50.786650" lon="2.762110">
						<ele>135</ele>
						<time>2026-07-24T21:42:33Z</time>
					</trkpt>
					<trkpt lat="50.785890" lon="2.762270">
						<ele>132</ele>
						<time>2026-07-24T21:42:47Z</time>
					</trkpt>
					<trkpt lat="50.785830" lon="2.762300">
						<ele>131</ele>
						<time>2026-07-24T21:42:48Z</time>
					</trkpt>
					<trkpt lat="50.785060" lon="2.760070">
						<ele>139</ele>
						<time>2026-07-24T21:43:17Z</time>
					</trkpt>
					<trkpt lat="50.784610" lon="2.757710">
						<ele>132</ele>
						<time>2026-07-24T21:43:44Z</time>
					</trkpt>
					<trkpt lat="50.784560" lon="2.757250">
						<ele>133</ele>
						<time>2026-07-24T21:43:50Z</time>
					</trkpt>
					<trkpt lat="50.784560" lon="2.756770">
						<ele>133</ele>
						<time>2026-07-24T21:43:55Z</time>
					</trkpt>
					<trkpt lat="50.784620" lon="2.755950">
						<ele>129</ele>
						<time>2026-07-24T21:44:04Z</time>
					</trkpt>
					<trkpt lat="50.784600" lon="2.755370">
						<ele>123</ele>
						<time>2026-07-24T21:44:11Z</time>
					</trkpt>
					<trkpt lat="50.784430" lon="2.754490">
						<ele>117</ele>
						<time>2026-07-24T21:44:21Z</time>
					</trkpt>
					<trkpt lat="50.784390" lon="2.753780">
						<ele>113</ele>
						<time>2026-07-24T21:44:29Z</time>
					</trkpt>
					<trkpt lat="50.784550" lon="2.752610">
						<ele>109</ele>
						<time>2026-07-24T21:44:43Z</time>
					</trkpt>
					<trkpt lat="50.784560" lon="2.752350">
						<ele>108</ele>
						<time>2026-07-24T21:44:46Z</time>
					</trkpt>
					<trkpt lat="50.784460" lon="2.751200">
						<ele>108</ele>
						<time>2026-07-24T21:44:59Z</time>
					</trkpt>
					<trkpt lat="50.784370" lon="2.750850">
						<ele>110</ele>
						<time>2026-07-24T21:45:03Z</time>
					</trkpt>
					<trkpt lat="50.783750" lon="2.749430">
						<ele>119</ele>
						<time>2026-07-24T21:45:22Z</time>
					</trkpt>
					<trkpt lat="50.783550" lon="2.748860">
						<ele>121</ele>
						<time>2026-07-24T21:45:30Z</time>
					</trkpt>
					<trkpt lat="50.783420" lon="2.748380">
						<ele>123</ele>
						<time>2026-07-24T21:45:35Z</time>
					</trkpt>
					<trkpt lat="50.783270" lon="2.747540">
						<ele>125</ele>
						<time>2026-07-24T21:45:45Z</time>
					</trkpt>
					<trkpt lat="50.783220" lon="2.747000">
						<ele>126</ele>
						<time>2026-07-24T21:45:51Z</time>
					</trkpt>
					<trkpt lat="50.783170" lon="2.744990">
						<ele>124</ele>
						<time>2026-07-24T21:46:14Z</time>
					</trkpt>
					<trkpt lat="50.783090" lon="2.744650">
						<ele>124</ele>
						<time>2026-07-24T21:46:18Z</time>
					</trkpt>
					<trkpt lat="50.781740" lon="2.741150">
						<ele>119</ele>
						<time>2026-07-24T21:47:04Z</time>
					</trkpt>
					<trkpt lat="50.780960" lon="2.742010">
						<ele>121</ele>
						<time>2026-07-24T21:47:21Z</time>
					</trkpt>
					<trkpt lat="50.780470" lon="2.742850">
						<ele>115</ele>
						<time>2026-07-24T21:47:34Z</time>
					</trkpt>
					<trkpt lat="50.779770" lon="2.742490">
						<ele>116</ele>
						<time>2026-07-24T21:47:47Z</time>
					</trkpt>
					<trkpt lat="50.778980" lon="2.741830">
						<ele>108</ele>
						<time>2026-07-24T21:48:03Z</time>
					</trkpt>
					<trkpt lat="50.777790" lon="2.741220">
						<ele>98</ele>
						<time>2026-07-24T21:48:25Z</time>
					</trkpt>
					<trkpt lat="50.777380" lon="2.740850">
						<ele>95</ele>
						<time>2026-07-24T21:48:34Z</time>
					</trkpt>
					<trkpt lat="50.777270" lon="2.740700">
						<ele>95</ele>
						<time>2026-07-24T21:48:36Z</time>
					</trkpt>
					<trkpt lat="50.777140" lon="2.740440">
						<ele>96</ele>
						<time>2026-07-24T21:48:40Z</time>
					</trkpt>
					<trkpt lat="50.776880" lon="2.739750">
						<ele>98</ele>
						<time>2026-07-24T21:48:49Z</time>
					</trkpt>
					<trkpt lat="50.776550" lon="2.739170">
						<ele>100</ele>
						<time>2026-07-24T21:48:58Z</time>
					</trkpt>
					<trkpt lat="50.776310" lon="2.738810">
						<ele>103</ele>
						<time>2026-07-24T21:49:04Z</time>
					</trkpt>
					<trkpt lat="50.776130" lon="2.739770">
						<ele>100</ele>
						<time>2026-07-24T21:49:15Z</time>
					</trkpt>
					<trkpt lat="50.775780" lon="2.740750">
						<ele>96</ele>
						<time>2026-07-24T21:49:28Z</time>
					</trkpt>
					<trkpt lat="50.775440" lon="2.741460">
						<ele>94</ele>
						<time>2026-07-24T21:49:38Z</time>
					</trkpt>
					<trkpt lat="50.774950" lon="2.742180">
						<ele>93</ele>
						<time>2026-07-24T21:49:50Z</time>
					</trkpt>
					<trkpt lat="50.774650" lon="2.742780">
						<ele>90</ele>
						<time>2026-07-24T21:49:58Z</time>
					</trkpt>
					<trkpt lat="50.774530" lon="2.742950">
						<ele>90</ele>
						<time>2026-07-24T21:50:01Z</time>
					</trkpt>
					<trkpt lat="50.773040" lon="2.744570">
						<ele>85</ele>
						<time>2026-07-24T21:50:33Z</time>
					</trkpt>
					<trkpt lat="50.772510" lon="2.745260">
						<ele>86</ele>
						<time>2026-07-24T21:50:45Z</time>
					</trkpt>
					<trkpt lat="50.772290" lon="2.745730">
						<ele>85</ele>
						<time>2026-07-24T21:50:52Z</time>
					</trkpt>
					<trkpt lat="50.772020" lon="2.746170">
						<ele>84</ele>
						<time>2026-07-24T21:50:59Z</time>
					</trkpt>
					<trkpt lat="50.771770" lon="2.746450">
						<ele>83</ele>
						<time>2026-07-24T21:51:04Z</time>
					</trkpt>
					<trkpt lat="50.771470" lon="2.746700">
						<ele>82</ele>
						<time>2026-07-24T21:51:10Z</time>
					</trkpt>
					<trkpt lat="50.771400" lon="2.746810">
						<ele>82</ele>
						<time>2026-07-24T21:51:12Z</time>
					</trkpt>
					<trkpt lat="50.771380" lon="2.747120">
						<ele>81</ele>
						<time>2026-07-24T21:51:16Z</time>
					</trkpt>
					<trkpt lat="50.771490" lon="2.747960">
						<ele>81</ele>
						<time>2026-07-24T21:51:25Z</time>
					</trkpt>
					<trkpt lat="50.771490" lon="2.748210">
						<ele>81</ele>
						<time>2026-07-24T21:51:28Z</time>
					</trkpt>
					<trkpt lat="50.770560" lon="2.749480">
						<ele>79</ele>
						<time>2026-07-24T21:51:50Z</time>
					</trkpt>
					<trkpt lat="50.770380" lon="2.749780">
						<ele>78</ele>
						<time>2026-07-24T21:51:55Z</time>
					</trkpt>
					<trkpt lat="50.770030" lon="2.750740">
						<ele>76</ele>
						<time>2026-07-24T21:52:07Z</time>
					</trkpt>
					<trkpt lat="50.769810" lon="2.751580">
						<ele>73</ele>
						<time>2026-07-24T21:52:17Z</time>
					</trkpt>
					<trkpt lat="50.769320" lon="2.752500">
						<ele>72</ele>
						<time>2026-07-24T21:52:31Z</time>
					</trkpt>
					<trkpt lat="50.769050" lon="2.752880">
						<ele>71</ele>
						<time>2026-07-24T21:52:37Z</time>
					</trkpt>
					<trkpt lat="50.768460" lon="2.753470">
						<ele>69</ele>
						<time>2026-07-24T21:52:50Z</time>
					</trkpt>
					<trkpt lat="50.768340" lon="2.753630">
						<ele>68</ele>
						<time>2026-07-24T21:52:52Z</time>
					</trkpt>
					<trkpt lat="50.767860" lon="2.754420">
						<ele>68</ele>
						<time>2026-07-24T21:53:05Z</time>
					</trkpt>
					<trkpt lat="50.767470" lon="2.755210">
						<ele>67</ele>
						<time>2026-07-24T21:53:16Z</time>
					</trkpt>
					<trkpt lat="50.767010" lon="2.755990">
						<ele>65</ele>
						<time>2026-07-24T21:53:28Z</time>
					</trkpt>
					<trkpt lat="50.766740" lon="2.756390">
						<ele>64</ele>
						<time>2026-07-24T21:53:35Z</time>
					</trkpt>
					<trkpt lat="50.765950" lon="2.757320">
						<ele>60</ele>
						<time>2026-07-24T21:53:52Z</time>
					</trkpt>
					<trkpt lat="50.765590" lon="2.757860">
						<ele>58</ele>
						<time>2026-07-24T21:54:01Z</time>
					</trkpt>
					<trkpt lat="50.765510" lon="2.758070">
						<ele>58</ele>
						<time>2026-07-24T21:54:04Z</time>
					</trkpt>
					<trkpt lat="50.766110" lon="2.758370">
						<ele>59</ele>
						<time>2026-07-24T21:54:15Z</time>
					</trkpt>
					<trkpt lat="50.766040" lon="2.758590">
						<ele>59</ele>
						<time>2026-07-24T21:54:18Z</time>
					</trkpt>
					<trkpt lat="50.764580" lon="2.761620">
						<ele>52</ele>
						<time>2026-07-24T21:55:01Z</time>
					</trkpt>
					<trkpt lat="50.764560" lon="2.761830">
						<ele>51</ele>
						<time>2026-07-24T21:55:03Z</time>
					</trkpt>
					<trkpt lat="50.764590" lon="2.761990">
						<ele>51</ele>
						<time>2026-07-24T21:55:05Z</time>
					</trkpt>
					<trkpt lat="50.764730" lon="2.762280">
						<ele>51</ele>
						<time>2026-07-24T21:55:09Z</time>
					</trkpt>
					<trkpt lat="50.765090" lon="2.762920">
						<ele>51</ele>
						<time>2026-07-24T21:55:19Z</time>
					</trkpt>
					<trkpt lat="50.766100" lon="2.764170">
						<ele>53</ele>
						<time>2026-07-24T21:55:41Z</time>
					</trkpt>
					<trkpt lat="50.766460" lon="2.764670">
						<ele>52</ele>
						<time>2026-07-24T21:55:50Z</time>
					</trkpt>
					<trkpt lat="50.766520" lon="2.764910">
						<ele>52</ele>
						<time>2026-07-24T21:55:53Z</time>
					</trkpt>
					<trkpt lat="50.766530" lon="2.765070">
						<ele>52</ele>
						<time>2026-07-24T21:55:55Z</time>
					</trkpt>
					<trkpt lat="50.766520" lon="2.765260">
						<ele>52</ele>
						<time>2026-07-24T21:55:57Z</time>
					</trkpt>
					<trkpt lat="50.766480" lon="2.765440">
						<ele>52</ele>
						<time>2026-07-24T21:55:59Z</time>
					</trkpt>
					<trkpt lat="50.766400" lon="2.765590">
						<ele>51</ele>
						<time>2026-07-24T21:56:01Z</time>
					</trkpt>
					<trkpt lat="50.765930" lon="2.766070">
						<ele>49</ele>
						<time>2026-07-24T21:56:11Z</time>
					</trkpt>
					<trkpt lat="50.765810" lon="2.766350">
						<ele>48</ele>
						<time>2026-07-24T21:56:15Z</time>
					</trkpt>
					<trkpt lat="50.765700" lon="2.767080">
						<ele>48</ele>
						<time>2026-07-24T21:56:23Z</time>
					</trkpt>
					<trkpt lat="50.765600" lon="2.767370">
						<ele>47</ele>
						<time>2026-07-24T21:56:27Z</time>
					</trkpt>
					<trkpt lat="50.764900" lon="2.768200">
						<ele>45</ele>
						<time>2026-07-24T21:56:43Z</time>
					</trkpt>
					<trkpt lat="50.764710" lon="2.768610">
						<ele>44</ele>
						<time>2026-07-24T21:56:48Z</time>
					</trkpt>
					<trkpt lat="50.764640" lon="2.768950">
						<ele>44</ele>
						<time>2026-07-24T21:56:52Z</time>
					</trkpt>
					<trkpt lat="50.764680" lon="2.770040">
						<ele>43</ele>
						<time>2026-07-24T21:57:05Z</time>
					</trkpt>
					<trkpt lat="50.764470" lon="2.772480">
						<ele>41</ele>
						<time>2026-07-24T21:57:32Z</time>
					</trkpt>
					<trkpt lat="50.764560" lon="2.773250">
						<ele>42</ele>
						<time>2026-07-24T21:57:41Z</time>
					</trkpt>
					<trkpt lat="50.764740" lon="2.774180">
						<ele>46</ele>
						<time>2026-07-24T21:57:52Z</time>
					</trkpt>
					<trkpt lat="50.764670" lon="2.775490">
						<ele>47</ele>
						<time>2026-07-24T21:58:07Z</time>
					</trkpt>
					<trkpt lat="50.764650" lon="2.777050">
						<ele>46</ele>
						<time>2026-07-24T21:58:25Z</time>
					</trkpt>
					<trkpt lat="50.764690" lon="2.777410">
						<ele>46</ele>
						<time>2026-07-24T21:58:29Z</time>
					</trkpt>
					<trkpt lat="50.764830" lon="2.777850">
						<ele>46</ele>
						<time>2026-07-24T21:58:34Z</time>
					</trkpt>
					<trkpt lat="50.765020" lon="2.779240">
						<ele>49</ele>
						<time>2026-07-24T21:58:50Z</time>
					</trkpt>
					<trkpt lat="50.765230" lon="2.780320">
						<ele>52</ele>
						<time>2026-07-24T21:59:03Z</time>
					</trkpt>
					<trkpt lat="50.765330" lon="2.781700">
						<ele>55</ele>
						<time>2026-07-24T21:59:19Z</time>
					</trkpt>
					<trkpt lat="50.765390" lon="2.782020">
						<ele>56</ele>
						<time>2026-07-24T21:59:22Z</time>
					</trkpt>
					<trkpt lat="50.765620" lon="2.782740">
						<ele>57</ele>
						<time>2026-07-24T21:59:31Z</time>
					</trkpt>
					<trkpt lat="50.765710" lon="2.782790">
						<ele>57</ele>
						<time>2026-07-24T21:59:33Z</time>
					</trkpt>
					<trkpt lat="50.765870" lon="2.783010">
						<ele>57</ele>
						<time>2026-07-24T21:59:37Z</time>
					</trkpt>
					<trkpt lat="50.765960" lon="2.782930">
						<ele>58</ele>
						<time>2026-07-24T21:59:39Z</time>
					</trkpt>
					<trkpt lat="50.766300" lon="2.782860">
						<ele>59</ele>
						<time>2026-07-24T21:59:45Z</time>
					</trkpt>
					<trkpt lat="50.766530" lon="2.782780">
						<ele>59</ele>
						<time>2026-07-24T21:59:49Z</time>
					</trkpt>
					<trkpt lat="50.766780" lon="2.783680">
						<ele>58</ele>
						<time>2026-07-24T22:00:00Z</time>
					</trkpt>
					<trkpt lat="50.767060" lon="2.784380">
						<ele>56</ele>
						<time>2026-07-24T22:00:09Z</time>
					</trkpt>
					<trkpt lat="50.768990" lon="2.788290">
						<ele>50</ele>
						<time>2026-07-24T22:01:05Z</time>
					</trkpt>
					<trkpt lat="50.769250" lon="2.788870">
						<ele>48</ele>
						<time>2026-07-24T22:01:13Z</time>
					</trkpt>
					<trkpt lat="50.769570" lon="2.789890">
						<ele>45</ele>
						<time>2026-07-24T22:01:26Z</time>
					</trkpt>
					<trkpt lat="50.770140" lon="2.791420">
						<ele>44</ele>
						<time>2026-07-24T22:01:46Z</time>
					</trkpt>
					<trkpt lat="50.770350" lon="2.791850">
						<ele>45</ele>
						<time>2026-07-24T22:01:52Z</time>
					</trkpt>
					<trkpt lat="50.770450" lon="2.792120">
						<ele>45</ele>
						<time>2026-07-24T22:01:56Z</time>
					</trkpt>
					<trkpt lat="50.770460" lon="2.792360">
						<ele>45</ele>
						<time>2026-07-24T22:01:58Z</time>
					</trkpt>
					<trkpt lat="50.770370" lon="2.792560">
						<ele>46</ele>
						<time>2026-07-24T22:02:01Z</time>
					</trkpt>
					<trkpt lat="50.770020" lon="2.793000">
						<ele>47</ele>
						<time>2026-07-24T22:02:09Z</time>
					</trkpt>
					<trkpt lat="50.769970" lon="2.793190">
						<ele>47</ele>
						<time>2026-07-24T22:02:11Z</time>
					</trkpt>
					<trkpt lat="50.769970" lon="2.793580">
						<ele>49</ele>
						<time>2026-07-24T22:02:16Z</time>
					</trkpt>
					<trkpt lat="50.770080" lon="2.794110">
						<ele>53</ele>
						<time>2026-07-24T22:02:22Z</time>
					</trkpt>
					<trkpt lat="50.770100" lon="2.794300">
						<ele>54</ele>
						<time>2026-07-24T22:02:24Z</time>
					</trkpt>
					<trkpt lat="50.770090" lon="2.794550">
						<ele>55</ele>
						<time>2026-07-24T22:02:27Z</time>
					</trkpt>
					<trkpt lat="50.769950" lon="2.795060">
						<ele>58</ele>
						<time>2026-07-24T22:02:33Z</time>
					</trkpt>
					<trkpt lat="50.769710" lon="2.795640">
						<ele>59</ele>
						<time>2026-07-24T22:02:41Z</time>
					</trkpt>
					<trkpt lat="50.769540" lon="2.797050">
						<ele>66</ele>
						<time>2026-07-24T22:02:57Z</time>
					</trkpt>
					<trkpt lat="50.769610" lon="2.797480">
						<ele>70</ele>
						<time>2026-07-24T22:03:02Z</time>
					</trkpt>
					<trkpt lat="50.769720" lon="2.797780">
						<ele>71</ele>
						<time>2026-07-24T22:03:06Z</time>
					</trkpt>
					<trkpt lat="50.770260" lon="2.798710">
						<ele>77</ele>
						<time>2026-07-24T22:03:20Z</time>
					</trkpt>
					<trkpt lat="50.770750" lon="2.799640">
						<ele>83</ele>
						<time>2026-07-24T22:03:34Z</time>
					</trkpt>
					<trkpt lat="50.771020" lon="2.800250">
						<ele>86</ele>
						<time>2026-07-24T22:03:42Z</time>
					</trkpt>
					<trkpt lat="50.771120" lon="2.800600">
						<ele>88</ele>
						<time>2026-07-24T22:03:47Z</time>
					</trkpt>
					<trkpt lat="50.771360" lon="2.801700">
						<ele>93</ele>
						<time>2026-07-24T22:04:00Z</time>
					</trkpt>
					<trkpt lat="50.771590" lon="2.801660">
						<ele>94</ele>
						<time>2026-07-24T22:04:04Z</time>
					</trkpt>
					<trkpt lat="50.771850" lon="2.801700">
						<ele>96</ele>
						<time>2026-07-24T22:04:09Z</time>
					</trkpt>
					<trkpt lat="50.772040" lon="2.801690">
						<ele>98</ele>
						<time>2026-07-24T22:04:12Z</time>
					</trkpt>
					<trkpt lat="50.772560" lon="2.801750">
						<ele>101</ele>
						<time>2026-07-24T22:04:21Z</time>
					</trkpt>
					<trkpt lat="50.772660" lon="2.801830">
						<ele>101</ele>
						<time>2026-07-24T22:04:23Z</time>
					</trkpt>
					<trkpt lat="50.772810" lon="2.802090">
						<ele>102</ele>
						<time>2026-07-24T22:04:27Z</time>
					</trkpt>
					<trkpt lat="50.772880" lon="2.802260">
						<ele>104</ele>
						<time>2026-07-24T22:04:29Z</time>
					</trkpt>
					<trkpt lat="50.772980" lon="2.802980">
						<ele>106</ele>
						<time>2026-07-24T22:04:38Z</time>
					</trkpt>
					<trkpt lat="50.773220" lon="2.803400">
						<ele>109</ele>
						<time>2026-07-24T22:04:44Z</time>
					</trkpt>
					<trkpt lat="50.773350" lon="2.803490">
						<ele>110</ele>
						<time>2026-07-24T22:04:47Z</time>
					</trkpt>
					<trkpt lat="50.774710" lon="2.804080">
						<ele>113</ele>
						<time>2026-07-24T22:05:12Z</time>
					</trkpt>
					<trkpt lat="50.774920" lon="2.804020">
						<ele>111</ele>
						<time>2026-07-24T22:05:15Z</time>
					</trkpt>
					<trkpt lat="50.775120" lon="2.803830">
						<ele>110</ele>
						<time>2026-07-24T22:05:20Z</time>
					</trkpt>
					<trkpt lat="50.775260" lon="2.803610">
						<ele>108</ele>
						<time>2026-07-24T22:05:23Z</time>
					</trkpt>
					<trkpt lat="50.775440" lon="2.803180">
						<ele>106</ele>
						<time>2026-07-24T22:05:29Z</time>
					</trkpt>
					<trkpt lat="50.775540" lon="2.803110">
						<ele>105</ele>
						<time>2026-07-24T22:05:31Z</time>
					</trkpt>
					<trkpt lat="50.775790" lon="2.803050">
						<ele>105</ele>
						<time>2026-07-24T22:05:35Z</time>
					</trkpt>
					<trkpt lat="50.776470" lon="2.803030">
						<ele>94</ele>
						<time>2026-07-24T22:05:47Z</time>
					</trkpt>
					<trkpt lat="50.777090" lon="2.802970">
						<ele>88</ele>
						<time>2026-07-24T22:05:59Z</time>
					</trkpt>
					<trkpt lat="50.777410" lon="2.803040">
						<ele>86</ele>
						<time>2026-07-24T22:06:04Z</time>
					</trkpt>
					<trkpt lat="50.777550" lon="2.803020">
						<ele>85</ele>
						<time>2026-07-24T22:06:07Z</time>
					</trkpt>
					<trkpt lat="50.777710" lon="2.802940">
						<ele>85</ele>
						<time>2026-07-24T22:06:10Z</time>
					</trkpt>
					<trkpt lat="50.779730" lon="2.801280">
						<ele>81</ele>
						<time>2026-07-24T22:06:50Z</time>
					</trkpt>
					<trkpt lat="50.779930" lon="2.801090">
						<ele>80</ele>
						<time>2026-07-24T22:06:54Z</time>
					</trkpt>
					<trkpt lat="50.780440" lon="2.800930">
						<ele>80</ele>
						<time>2026-07-24T22:07:04Z</time>
					</trkpt>
					<trkpt lat="50.780580" lon="2.800950">
						<ele>80</ele>
						<time>2026-07-24T22:07:06Z</time>
					</trkpt>
					<trkpt lat="50.780510" lon="2.801370">
						<ele>81</ele>
						<time>2026-07-24T22:07:11Z</time>
					</trkpt>
					<trkpt lat="50.779980" lon="2.803330">
						<ele>86</ele>
						<time>2026-07-24T22:07:35Z</time>
					</trkpt>
					<trkpt lat="50.779780" lon="2.804900">
						<ele>92</ele>
						<time>2026-07-24T22:07:53Z</time>
					</trkpt>
					<trkpt lat="50.779670" lon="2.806940">
						<ele>105</ele>
						<time>2026-07-24T22:08:16Z</time>
					</trkpt>
					<trkpt lat="50.779600" lon="2.807330">
						<ele>108</ele>
						<time>2026-07-24T22:08:21Z</time>
					</trkpt>
					<trkpt lat="50.779470" lon="2.807600">
						<ele>111</ele>
						<time>2026-07-24T22:08:24Z</time>
					</trkpt>
					<trkpt lat="50.779310" lon="2.807820">
						<ele>115</ele>
						<time>2026-07-24T22:08:28Z</time>
					</trkpt>
					<trkpt lat="50.778920" lon="2.808220">
						<ele>122</ele>
						<time>2026-07-24T22:08:37Z</time>
					</trkpt>
					<trkpt lat="50.778850" lon="2.808230">
						<ele>123</ele>
						<time>2026-07-24T22:08:38Z</time>
					</trkpt>
					<trkpt lat="50.778180" lon="2.810190">
						<ele>153</ele>
						<time>2026-07-24T22:09:03Z</time>
					</trkpt>
					<trkpt lat="50.778160" lon="2.810310">
						<ele>153</ele>
						<time>2026-07-24T22:09:04Z</time>
					</trkpt>
					<trkpt lat="50.778200" lon="2.810520">
						<ele>153</ele>
						<time>2026-07-24T22:09:07Z</time>
					</trkpt>
					<trkpt lat="50.778810" lon="2.812410">
						<ele>156</ele>
						<time>2026-07-24T22:09:31Z</time>
					</trkpt>
					<trkpt lat="50.778860" lon="2.812910">
						<ele>157</ele>
						<time>2026-07-24T22:09:36Z</time>
					</trkpt>
					<trkpt lat="50.778940" lon="2.813310">
						<ele>157</ele>
						<time>2026-07-24T22:09:41Z</time>
					</trkpt>
					<trkpt lat="50.779170" lon="2.814200">
						<ele>160</ele>
						<time>2026-07-24T22:09:52Z</time>
					</trkpt>
					<trkpt lat="50.779550" lon="2.816070">
						<ele>145</ele>
						<time>2026-07-24T22:10:14Z</time>
					</trkpt>
					<trkpt lat="50.779560" lon="2.816350">
						<ele>142</ele>
						<time>2026-07-24T22:10:17Z</time>
					</trkpt>
					<trkpt lat="50.779450" lon="2.816760">
						<ele>138</ele>
						<time>2026-07-24T22:10:22Z</time>
					</trkpt>
					<trkpt lat="50.779350" lon="2.816960">
						<ele>137</ele>
						<time>2026-07-24T22:10:25Z</time>
					</trkpt>
					<trkpt lat="50.779200" lon="2.817150">
						<ele>137</ele>
						<time>2026-07-24T22:10:28Z</time>
					</trkpt>
					<trkpt lat="50.779080" lon="2.817250">
						<ele>136</ele>
						<time>2026-07-24T22:10:31Z</time>
					</trkpt>
					<trkpt lat="50.778920" lon="2.817310">
						<ele>135</ele>
						<time>2026-07-24T22:10:34Z</time>
					</trkpt>
					<trkpt lat="50.777830" lon="2.817490">
						<ele>124</ele>
						<time>2026-07-24T22:10:53Z</time>
					</trkpt>
					<trkpt lat="50.777650" lon="2.817580">
						<ele>120</ele>
						<time>2026-07-24T22:10:57Z</time>
					</trkpt>
					<trkpt lat="50.777470" lon="2.817750">
						<ele>115</ele>
						<time>2026-07-24T22:11:00Z</time>
					</trkpt>
					<trkpt lat="50.776950" lon="2.818410">
						<ele>102</ele>
						<time>2026-07-24T22:11:12Z</time>
					</trkpt>
					<trkpt lat="50.776820" lon="2.818160">
						<ele>103</ele>
						<time>2026-07-24T22:11:16Z</time>
					</trkpt>
					<trkpt lat="50.776760" lon="2.818410">
						<ele>100</ele>
						<time>2026-07-24T22:11:19Z</time>
					</trkpt>
					<trkpt lat="50.776790" lon="2.818680">
						<ele>98</ele>
						<time>2026-07-24T22:11:22Z</time>
					</trkpt>
					<trkpt lat="50.777050" lon="2.819230">
						<ele>97</ele>
						<time>2026-07-24T22:11:30Z</time>
					</trkpt>
					<trkpt lat="50.777100" lon="2.820010">
						<ele>92</ele>
						<time>2026-07-24T22:11:38Z</time>
					</trkpt>
					<trkpt lat="50.777080" lon="2.820170">
						<ele>91</ele>
						<time>2026-07-24T22:11:40Z</time>
					</trkpt>
					<trkpt lat="50.776790" lon="2.821190">
						<ele>86</ele>
						<time>2026-07-24T22:11:53Z</time>
					</trkpt>
					<trkpt lat="50.776630" lon="2.821920">
						<ele>84</ele>
						<time>2026-07-24T22:12:02Z</time>
					</trkpt>
					<trkpt lat="50.776540" lon="2.822540">
						<ele>82</ele>
						<time>2026-07-24T22:12:09Z</time>
					</trkpt>
					<trkpt lat="50.776880" lon="2.822770">
						<ele>83</ele>
						<time>2026-07-24T22:12:15Z</time>
					</trkpt>
					<trkpt lat="50.777150" lon="2.823090">
						<ele>83</ele>
						<time>2026-07-24T22:12:21Z</time>
					</trkpt>
					<trkpt lat="50.777300" lon="2.823290">
						<ele>83</ele>
						<time>2026-07-24T22:12:25Z</time>
					</trkpt>
					<trkpt lat="50.777840" lon="2.824160">
						<ele>80</ele>
						<time>2026-07-24T22:12:39Z</time>
					</trkpt>
					<trkpt lat="50.778030" lon="2.824530">
						<ele>79</ele>
						<time>2026-07-24T22:12:44Z</time>
					</trkpt>
					<trkpt lat="50.778300" lon="2.825300">
						<ele>77</ele>
						<time>2026-07-24T22:12:54Z</time>
					</trkpt>
					<trkpt lat="50.779050" lon="2.826650">
						<ele>73</ele>
						<time>2026-07-24T22:13:14Z</time>
					</trkpt>
					<trkpt lat="50.778480" lon="2.826900">
						<ele>73</ele>
						<time>2026-07-24T22:13:25Z</time>
					</trkpt>
					<trkpt lat="50.777360" lon="2.827130">
						<ele>72</ele>
						<time>2026-07-24T22:13:45Z</time>
					</trkpt>
					<trkpt lat="50.777310" lon="2.827180">
						<ele>72</ele>
						<time>2026-07-24T22:13:46Z</time>
					</trkpt>
					<trkpt lat="50.777060" lon="2.827080">
						<ele>73</ele>
						<time>2026-07-24T22:13:50Z</time>
					</trkpt>
					<trkpt lat="50.776670" lon="2.827110">
						<ele>73</ele>
						<time>2026-07-24T22:13:57Z</time>
					</trkpt>
					<trkpt lat="50.775870" lon="2.827530">
						<ele>76</ele>
						<time>2026-07-24T22:14:12Z</time>
					</trkpt>
					<trkpt lat="50.774000" lon="2.827630">
						<ele>68</ele>
						<time>2026-07-24T22:14:45Z</time>
					</trkpt>
					<trkpt lat="50.773860" lon="2.827710">
						<ele>68</ele>
						<time>2026-07-24T22:14:48Z</time>
					</trkpt>
					<trkpt lat="50.773530" lon="2.827720">
						<ele>67</ele>
						<time>2026-07-24T22:14:54Z</time>
					</trkpt>
					<trkpt lat="50.772790" lon="2.826350">
						<ele>61</ele>
						<time>2026-07-24T22:15:14Z</time>
					</trkpt>
					<trkpt lat="50.772070" lon="2.825530">
						<ele>57</ele>
						<time>2026-07-24T22:15:30Z</time>
					</trkpt>
					<trkpt lat="50.771650" lon="2.824880">
						<ele>54</ele>
						<time>2026-07-24T22:15:41Z</time>
					</trkpt>
					<trkpt lat="50.771170" lon="2.823950">
						<ele>50</ele>
						<time>2026-07-24T22:15:54Z</time>
					</trkpt>
					<trkpt lat="50.770810" lon="2.823040">
						<ele>48</ele>
						<time>2026-07-24T22:16:06Z</time>
					</trkpt>
					<trkpt lat="50.770700" lon="2.822890">
						<ele>47</ele>
						<time>2026-07-24T22:16:09Z</time>
					</trkpt>
					<trkpt lat="50.770660" lon="2.823400">
						<ele>48</ele>
						<time>2026-07-24T22:16:14Z</time>
					</trkpt>
					<trkpt lat="50.770580" lon="2.823790">
						<ele>49</ele>
						<time>2026-07-24T22:16:19Z</time>
					</trkpt>
					<trkpt lat="50.770440" lon="2.824170">
						<ele>50</ele>
						<time>2026-07-24T22:16:24Z</time>
					</trkpt>
					<trkpt lat="50.770260" lon="2.824490">
						<ele>50</ele>
						<time>2026-07-24T22:16:29Z</time>
					</trkpt>
					<trkpt lat="50.769960" lon="2.824800">
						<ele>51</ele>
						<time>2026-07-24T22:16:35Z</time>
					</trkpt>
					<trkpt lat="50.768600" lon="2.825810">
						<ele>49</ele>
						<time>2026-07-24T22:17:02Z</time>
					</trkpt>
					<trkpt lat="50.768110" lon="2.826310">
						<ele>47</ele>
						<time>2026-07-24T22:17:12Z</time>
					</trkpt>
					<trkpt lat="50.767760" lon="2.826820">
						<ele>47</ele>
						<time>2026-07-24T22:17:21Z</time>
					</trkpt>
					<trkpt lat="50.767650" lon="2.827020">
						<ele>48</ele>
						<time>2026-07-24T22:17:24Z</time>
					</trkpt>
					<trkpt lat="50.767600" lon="2.827210">
						<ele>48</ele>
						<time>2026-07-24T22:17:26Z</time>
					</trkpt>
					<trkpt lat="50.767570" lon="2.827430">
						<ele>49</ele>
						<time>2026-07-24T22:17:29Z</time>
					</trkpt>
					<trkpt lat="50.767570" lon="2.827730">
						<ele>50</ele>
						<time>2026-07-24T22:17:32Z</time>
					</trkpt>
					<trkpt lat="50.767590" lon="2.827790">
						<ele>50</ele>
						<time>2026-07-24T22:17:33Z</time>
					</trkpt>
					<trkpt lat="50.767350" lon="2.828020">
						<ele>50</ele>
						<time>2026-07-24T22:17:38Z</time>
					</trkpt>
					<trkpt lat="50.766810" lon="2.828700">
						<ele>48</ele>
						<time>2026-07-24T22:17:50Z</time>
					</trkpt>
					<trkpt lat="50.766920" lon="2.829650">
						<ele>49</ele>
						<time>2026-07-24T22:18:01Z</time>
					</trkpt>
					<trkpt lat="50.767010" lon="2.830030">
						<ele>51</ele>
						<time>2026-07-24T22:18:06Z</time>
					</trkpt>
					<trkpt lat="50.767130" lon="2.830300">
						<ele>53</ele>
						<time>2026-07-24T22:18:09Z</time>
					</trkpt>
					<trkpt lat="50.767280" lon="2.830440">
						<ele>55</ele>
						<time>2026-07-24T22:18:12Z</time>
					</trkpt>
					<trkpt lat="50.767880" lon="2.830770">
						<ele>59</ele>
						<time>2026-07-24T22:18:24Z</time>
					</trkpt>
					<trkpt lat="50.768000" lon="2.830740">
						<ele>59</ele>
						<time>2026-07-24T22:18:26Z</time>
					</trkpt>
					<trkpt lat="50.768300" lon="2.830510">
						<ele>60</ele>
						<time>2026-07-24T22:18:32Z</time>
					</trkpt>
					<trkpt lat="50.769430" lon="2.829530">
						<ele>65</ele>
						<time>2026-07-24T22:18:55Z</time>
					</trkpt>
					<trkpt lat="50.769970" lon="2.829160">
						<ele>66</ele>
						<time>2026-07-24T22:19:05Z</time>
					</trkpt>
					<trkpt lat="50.770200" lon="2.829100">
						<ele>67</ele>
						<time>2026-07-24T22:19:09Z</time>
					</trkpt>
					<trkpt lat="50.770940" lon="2.829240">
						<ele>69</ele>
						<time>2026-07-24T22:19:23Z</time>
					</trkpt>
					<trkpt lat="50.771470" lon="2.829180">
						<ele>70</ele>
						<time>2026-07-24T22:19:32Z</time>
					</trkpt>
					<trkpt lat="50.771630" lon="2.829260">
						<ele>70</ele>
						<time>2026-07-24T22:19:35Z</time>
					</trkpt>
					<trkpt lat="50.771750" lon="2.829420">
						<ele>70</ele>
						<time>2026-07-24T22:19:38Z</time>
					</trkpt>
					<trkpt lat="50.772090" lon="2.830380">
						<ele>69</ele>
						<time>2026-07-24T22:19:50Z</time>
					</trkpt>
					<trkpt lat="50.771800" lon="2.830650">
						<ele>68</ele>
						<time>2026-07-24T22:19:56Z</time>
					</trkpt>
					<trkpt lat="50.770780" lon="2.831510">
						<ele>65</ele>
						<time>2026-07-24T22:20:17Z</time>
					</trkpt>
					<trkpt lat="50.769750" lon="2.832600">
						<ele>61</ele>
						<time>2026-07-24T22:20:39Z</time>
					</trkpt>
					<trkpt lat="50.768800" lon="2.833720">
						<ele>57</ele>
						<time>2026-07-24T22:21:00Z</time>
					</trkpt>
					<trkpt lat="50.767890" lon="2.834510">
						<ele>53</ele>
						<time>2026-07-24T22:21:18Z</time>
					</trkpt>
					<trkpt lat="50.767310" lon="2.834890">
						<ele>52</ele>
						<time>2026-07-24T22:21:29Z</time>
					</trkpt>
					<trkpt lat="50.767120" lon="2.835050">
						<ele>52</ele>
						<time>2026-07-24T22:21:33Z</time>
					</trkpt>
					<trkpt lat="50.766860" lon="2.835400">
						<ele>51</ele>
						<time>2026-07-24T22:21:39Z</time>
					</trkpt>
					<trkpt lat="50.766560" lon="2.835950">
						<ele>50</ele>
						<time>2026-07-24T22:21:48Z</time>
					</trkpt>
					<trkpt lat="50.766410" lon="2.836060">
						<ele>50</ele>
						<time>2026-07-24T22:21:50Z</time>
					</trkpt>
					<trkpt lat="50.766390" lon="2.836860">
						<ele>48</ele>
						<time>2026-07-24T22:22:00Z</time>
					</trkpt>
					<trkpt lat="50.766320" lon="2.837520">
						<ele>47</ele>
						<time>2026-07-24T22:22:07Z</time>
					</trkpt>
					<trkpt lat="50.766240" lon="2.837530">
						<ele>47</ele>
						<time>2026-07-24T22:22:08Z</time>
					</trkpt>
					<trkpt lat="50.765260" lon="2.837990">
						<ele>46</ele>
						<time>2026-07-24T22:22:27Z</time>
					</trkpt>
					<trkpt lat="50.763900" lon="2.838920">
						<ele>42</ele>
						<time>2026-07-24T22:22:53Z</time>
					</trkpt>
					<trkpt lat="50.763730" lon="2.839120">
						<ele>41</ele>
						<time>2026-07-24T22:22:57Z</time>
					</trkpt>
					<trkpt lat="50.763550" lon="2.839410">
						<ele>41</ele>
						<time>2026-07-24T22:23:01Z</time>
					</trkpt>
					<trkpt lat="50.763290" lon="2.839930">
						<ele>41</ele>
						<time>2026-07-24T22:23:09Z</time>
					</trkpt>
					<trkpt lat="50.762820" lon="2.840500">
						<ele>38</ele>
						<time>2026-07-24T22:23:19Z</time>
					</trkpt>
					<trkpt lat="50.761710" lon="2.840450">
						<ele>34</ele>
						<time>2026-07-24T22:23:39Z</time>
					</trkpt>
					<trkpt lat="50.761290" lon="2.840390">
						<ele>32</ele>
						<time>2026-07-24T22:23:47Z</time>
					</trkpt>
					<trkpt lat="50.760850" lon="2.840380">
						<ele>31</ele>
						<time>2026-07-24T22:23:54Z</time>
					</trkpt>
					<trkpt lat="50.760190" lon="2.840510">
						<ele>28</ele>
						<time>2026-07-24T22:24:06Z</time>
					</trkpt>
					<trkpt lat="50.759980" lon="2.840430">
						<ele>27</ele>
						<time>2026-07-24T22:24:10Z</time>
					</trkpt>
					<trkpt lat="50.759770" lon="2.840600">
						<ele>27</ele>
						<time>2026-07-24T22:24:14Z</time>
					</trkpt>
					<trkpt lat="50.758980" lon="2.840440">
						<ele>26</ele>
						<time>2026-07-24T22:24:28Z</time>
					</trkpt>
					<trkpt lat="50.758640" lon="2.840250">
						<ele>27</ele>
						<time>2026-07-24T22:24:35Z</time>
					</trkpt>
					<trkpt lat="50.758250" lon="2.840180">
						<ele>28</ele>
						<time>2026-07-24T22:24:42Z</time>
					</trkpt>
					<trkpt lat="50.756850" lon="2.840010">
						<ele>28</ele>
						<time>2026-07-24T22:25:07Z</time>
					</trkpt>
					<trkpt lat="50.756280" lon="2.840040">
						<ele>29</ele>
						<time>2026-07-24T22:25:17Z</time>
					</trkpt>
					<trkpt lat="50.755930" lon="2.840150">
						<ele>30</ele>
						<time>2026-07-24T22:25:23Z</time>
					</trkpt>
					<trkpt lat="50.755630" lon="2.840290">
						<ele>30</ele>
						<time>2026-07-24T22:25:29Z</time>
					</trkpt>
					<trkpt lat="50.753520" lon="2.841570">
						<ele>36</ele>
						<time>2026-07-24T22:26:09Z</time>
					</trkpt>
					<trkpt lat="50.753170" lon="2.840370">
						<ele>38</ele>
						<time>2026-07-24T22:26:24Z</time>
					</trkpt>
					<trkpt lat="50.751530" lon="2.842030">
						<ele>35</ele>
						<time>2026-07-24T22:26:59Z</time>
					</trkpt>
					<trkpt lat="50.750980" lon="2.842540">
						<ele>35</ele>
						<time>2026-07-24T22:27:10Z</time>
					</trkpt>
					<trkpt lat="50.748420" lon="2.844680">
						<ele>45</ele>
						<time>2026-07-24T22:28:02Z</time>
					</trkpt>
					<trkpt lat="50.747550" lon="2.845770">
						<ele>43</ele>
						<time>2026-07-24T22:28:21Z</time>
					</trkpt>
					<trkpt lat="50.747430" lon="2.845960">
						<ele>43</ele>
						<time>2026-07-24T22:28:24Z</time>
					</trkpt>
					<trkpt lat="50.747250" lon="2.846360">
						<ele>42</ele>
						<time>2026-07-24T22:28:30Z</time>
					</trkpt>
					<trkpt lat="50.747180" lon="2.846690">
						<ele>41</ele>
						<time>2026-07-24T22:28:34Z</time>
					</trkpt>
					<trkpt lat="50.747170" lon="2.846880">
						<ele>40</ele>
						<time>2026-07-24T22:28:36Z</time>
					</trkpt>
					<trkpt lat="50.747030" lon="2.847060">
						<ele>40</ele>
						<time>2026-07-24T22:28:39Z</time>
					</trkpt>
					<trkpt lat="50.746030" lon="2.848030">
						<ele>35</ele>
						<time>2026-07-24T22:29:00Z</time>
					</trkpt>
					<trkpt lat="50.745810" lon="2.848150">
						<ele>34</ele>
						<time>2026-07-24T22:29:04Z</time>
					</trkpt>
					<trkpt lat="50.745710" lon="2.848150">
						<ele>33</ele>
						<time>2026-07-24T22:29:06Z</time>
					</trkpt>
					<trkpt lat="50.745440" lon="2.848020">
						<ele>32</ele>
						<time>2026-07-24T22:29:11Z</time>
					</trkpt>
					<trkpt lat="50.745230" lon="2.847850">
						<ele>31</ele>
						<time>2026-07-24T22:29:15Z</time>
					</trkpt>
					<trkpt lat="50.744470" lon="2.847040">
						<ele>29</ele>
						<time>2026-07-24T22:29:31Z</time>
					</trkpt>
					<trkpt lat="50.744360" lon="2.846960">
						<ele>28</ele>
						<time>2026-07-24T22:29:34Z</time>
					</trkpt>
					<trkpt lat="50.744170" lon="2.846860">
						<ele>27</ele>
						<time>2026-07-24T22:29:37Z</time>
					</trkpt>
					<trkpt lat="50.743550" lon="2.846710">
						<ele>25</ele>
						<time>2026-07-24T22:29:48Z</time>
					</trkpt>
					<trkpt lat="50.743410" lon="2.846630">
						<ele>24</ele>
						<time>2026-07-24T22:29:51Z</time>
					</trkpt>
					<trkpt lat="50.742900" lon="2.845890">
						<ele>23</ele>
						<time>2026-07-24T22:30:03Z</time>
					</trkpt>
					<trkpt lat="50.742880" lon="2.845820">
						<ele>23</ele>
						<time>2026-07-24T22:30:04Z</time>
					</trkpt>
					<trkpt lat="50.742390" lon="2.845260">
						<ele>22</ele>
						<time>2026-07-24T22:30:15Z</time>
					</trkpt>
					<trkpt lat="50.742090" lon="2.844610">
						<ele>23</ele>
						<time>2026-07-24T22:30:24Z</time>
					</trkpt>
					<trkpt lat="50.742050" lon="2.844600">
						<ele>23</ele>
						<time>2026-07-24T22:30:25Z</time>
					</trkpt>
					<trkpt lat="50.741480" lon="2.844790">
						<ele>21</ele>
						<time>2026-07-24T22:30:35Z</time>
					</trkpt>
					<trkpt lat="50.741330" lon="2.844960">
						<ele>21</ele>
						<time>2026-07-24T22:30:38Z</time>
					</trkpt>
					<trkpt lat="50.740880" lon="2.845620">
						<ele>19</ele>
						<time>2026-07-24T22:30:49Z</time>
					</trkpt>
					<trkpt lat="50.740260" lon="2.846650">
						<ele>17</ele>
						<time>2026-07-24T22:31:05Z</time>
					</trkpt>
					<trkpt lat="50.740240" lon="2.846740">
						<ele>17</ele>
						<time>2026-07-24T22:31:06Z</time>
					</trkpt>
					<trkpt lat="50.740260" lon="2.847200">
						<ele>18</ele>
						<time>2026-07-24T22:31:12Z</time>
					</trkpt>
					<trkpt lat="50.740230" lon="2.847330">
						<ele>18</ele>
						<time>2026-07-24T22:31:13Z</time>
					</trkpt>
					<trkpt lat="50.739760" lon="2.848290">
						<ele>18</ele>
						<time>2026-07-24T22:31:27Z</time>
					</trkpt>
					<trkpt lat="50.739700" lon="2.849070">
						<ele>18</ele>
						<time>2026-07-24T22:31:36Z</time>
					</trkpt>
					<trkpt lat="50.739680" lon="2.849190">
						<ele>18</ele>
						<time>2026-07-24T22:31:37Z</time>
					</trkpt>
					<trkpt lat="50.739620" lon="2.849300">
						<ele>18</ele>
						<time>2026-07-24T22:31:39Z</time>
					</trkpt>
					<trkpt lat="50.735380" lon="2.852220">
						<ele>19</ele>
						<time>2026-07-24T22:33:01Z</time>
					</trkpt>
					<trkpt lat="50.734940" lon="2.852610">
						<ele>21</ele>
						<time>2026-07-24T22:33:10Z</time>
					</trkpt>
					<trkpt lat="50.735000" lon="2.852940">
						<ele>21</ele>
						<time>2026-07-24T22:33:14Z</time>
					</trkpt>
					<trkpt lat="50.735020" lon="2.853440">
						<ele>21</ele>
						<time>2026-07-24T22:33:19Z</time>
					</trkpt>
					<trkpt lat="50.734980" lon="2.854240">
						<ele>20</ele>
						<time>2026-07-24T22:33:28Z</time>
					</trkpt>
					<trkpt lat="50.735120" lon="2.854790">
						<ele>20</ele>
						<time>2026-07-24T22:33:35Z</time>
					</trkpt>
					<trkpt lat="50.735840" lon="2.857180">
						<ele>17</ele>
						<time>2026-07-24T22:34:05Z</time>
					</trkpt>
					<trkpt lat="50.736570" lon="2.859750">
						<ele>21</ele>
						<time>2026-07-24T22:34:37Z</time>
					</trkpt>
					<trkpt lat="50.736950" lon="2.860960">
						<ele>20</ele>
						<time>2026-07-24T22:34:52Z</time>
					</trkpt>
					<trkpt lat="50.737340" lon="2.861950">
						<ele>20</ele>
						<time>2026-07-24T22:35:05Z</time>
					</trkpt>
					<trkpt lat="50.737520" lon="2.862320">
						<ele>19</ele>
						<time>2026-07-24T22:35:10Z</time>
					</trkpt>
					<trkpt lat="50.738510" lon="2.864090">
						<ele>20</ele>
						<time>2026-07-24T22:35:37Z</time>
					</trkpt>
					<trkpt lat="50.739490" lon="2.865920">
						<ele>18</ele>
						<time>2026-07-24T22:36:04Z</time>
					</trkpt>
					<trkpt lat="50.741560" lon="2.871790">
						<ele>32</ele>
						<time>2026-07-24T22:37:20Z</time>
					</trkpt>
					<trkpt lat="50.741620" lon="2.872050">
						<ele>32</ele>
						<time>2026-07-24T22:37:23Z</time>
					</trkpt>
					<trkpt lat="50.741630" lon="2.872330">
						<ele>33</ele>
						<time>2026-07-24T22:37:26Z</time>
					</trkpt>
					<trkpt lat="50.741590" lon="2.872640">
						<ele>33</ele>
						<time>2026-07-24T22:37:29Z</time>
					</trkpt>
					<trkpt lat="50.741450" lon="2.873220">
						<ele>33</ele>
						<time>2026-07-24T22:37:36Z</time>
					</trkpt>
					<trkpt lat="50.741110" lon="2.874240">
						<ele>32</ele>
						<time>2026-07-24T22:37:49Z</time>
					</trkpt>
					<trkpt lat="50.739360" lon="2.874210">
						<ele>31</ele>
						<time>2026-07-24T22:38:20Z</time>
					</trkpt>
					<trkpt lat="50.738110" lon="2.874900">
						<ele>31</ele>
						<time>2026-07-24T22:38:44Z</time>
					</trkpt>
					<trkpt lat="50.736380" lon="2.875680">
						<ele>21</ele>
						<time>2026-07-24T22:39:16Z</time>
					</trkpt>
					<trkpt lat="50.736030" lon="2.875760">
						<ele>19</ele>
						<time>2026-07-24T22:39:22Z</time>
					</trkpt>
					<trkpt lat="50.735620" lon="2.875750">
						<ele>19</ele>
						<time>2026-07-24T22:39:30Z</time>
					</trkpt>
					<trkpt lat="50.735640" lon="2.877280">
						<ele>19</ele>
						<time>2026-07-24T22:39:47Z</time>
					</trkpt>
					<trkpt lat="50.735610" lon="2.878010">
						<ele>18</ele>
						<time>2026-07-24T22:39:55Z</time>
					</trkpt>
					<trkpt lat="50.735360" lon="2.880320">
						<ele>18</ele>
						<time>2026-07-24T22:40:22Z</time>
					</trkpt>
					<trkpt lat="50.735340" lon="2.880830">
						<ele>19</ele>
						<time>2026-07-24T22:40:27Z</time>
					</trkpt>
					<trkpt lat="50.735380" lon="2.881420">
						<ele>20</ele>
						<time>2026-07-24T22:40:34Z</time>
					</trkpt>
					<trkpt lat="50.732180" lon="2.879960">
						<ele>19</ele>
						<time>2026-07-24T22:41:33Z</time>
					</trkpt>
					<trkpt lat="50.732200" lon="2.881770">
						<ele>22</ele>
						<time>2026-07-24T22:41:54Z</time>
					</trkpt>
					<trkpt lat="50.732300" lon="2.884080">
						<ele>23</ele>
						<time>2026-07-24T22:42:20Z</time>
					</trkpt>
					<trkpt lat="50.732370" lon="2.888020">
						<ele>19</ele>
						<time>2026-07-24T22:43:04Z</time>
					</trkpt>
					<trkpt lat="50.732390" lon="2.888200">
						<ele>19</ele>
						<time>2026-07-24T22:43:06Z</time>
					</trkpt>
					<trkpt lat="50.732630" lon="2.889000">
						<ele>22</ele>
						<time>2026-07-24T22:43:16Z</time>
					</trkpt>
					<trkpt lat="50.733060" lon="2.890690">
						<ele>25</ele>
						<time>2026-07-24T22:43:37Z</time>
					</trkpt>
					<trkpt lat="50.733270" lon="2.891770">
						<ele>27</ele>
						<time>2026-07-24T22:43:49Z</time>
					</trkpt>
					<trkpt lat="50.733340" lon="2.891860">
						<ele>27</ele>
						<time>2026-07-24T22:43:51Z</time>
					</trkpt>
					<trkpt lat="50.733400" lon="2.891860">
						<ele>27</ele>
						<time>2026-07-24T22:43:52Z</time>
					</trkpt>
					<trkpt lat="50.735380" lon="2.890960">
						<ele>28</ele>
						<time>2026-07-24T22:44:29Z</time>
					</trkpt>
					<trkpt lat="50.736140" lon="2.890570">
						<ele>29</ele>
						<time>2026-07-24T22:44:43Z</time>
					</trkpt>
					<trkpt lat="50.737430" lon="2.890110">
						<ele>28</ele>
						<time>2026-07-24T22:45:06Z</time>
					</trkpt>
					<trkpt lat="50.738650" lon="2.889390">
						<ele>23</ele>
						<time>2026-07-24T22:45:30Z</time>
					</trkpt>
					<trkpt lat="50.739150" lon="2.888910">
						<ele>19</ele>
						<time>2026-07-24T22:45:40Z</time>
					</trkpt>
					<trkpt lat="50.739660" lon="2.888560">
						<ele>20</ele>
						<time>2026-07-24T22:45:50Z</time>
					</trkpt>
					<trkpt lat="50.739900" lon="2.888440">
						<ele>20</ele>
						<time>2026-07-24T22:45:54Z</time>
					</trkpt>
					<trkpt lat="50.740040" lon="2.888900">
						<ele>20</ele>
						<time>2026-07-24T22:46:00Z</time>
					</trkpt>
					<trkpt lat="50.740350" lon="2.890200">
						<ele>20</ele>
						<time>2026-07-24T22:46:16Z</time>
					</trkpt>
					<trkpt lat="50.740610" lon="2.891730">
						<ele>23</ele>
						<time>2026-07-24T22:46:34Z</time>
					</trkpt>
					<trkpt lat="50.741100" lon="2.893650">
						<ele>20</ele>
						<time>2026-07-24T22:46:57Z</time>
					</trkpt>
					<trkpt lat="50.741820" lon="2.895770">
						<ele>20</ele>
						<time>2026-07-24T22:47:24Z</time>
					</trkpt>
					<trkpt lat="50.741910" lon="2.897270">
						<ele>19</ele>
						<time>2026-07-24T22:47:41Z</time>
					</trkpt>
					<trkpt lat="50.742020" lon="2.898480">
						<ele>19</ele>
						<time>2026-07-24T22:47:55Z</time>
					</trkpt>
					<trkpt lat="50.742120" lon="2.898570">
						<ele>20</ele>
						<time>2026-07-24T22:47:57Z</time>
					</trkpt>
					<trkpt lat="50.742640" lon="2.898820">
						<ele>20</ele>
						<time>2026-07-24T22:48:06Z</time>
					</trkpt>
					<trkpt lat="50.743200" lon="2.899180">
						<ele>22</ele>
						<time>2026-07-24T22:48:17Z</time>
					</trkpt>
					<trkpt lat="50.744180" lon="2.900110">
						<ele>24</ele>
						<time>2026-07-24T22:48:38Z</time>
					</trkpt>
					<trkpt lat="50.744270" lon="2.900140">
						<ele>24</ele>
						<time>2026-07-24T22:48:39Z</time>
					</trkpt>
					<trkpt lat="50.744370" lon="2.901650">
						<ele>27</ele>
						<time>2026-07-24T22:48:56Z</time>
					</trkpt>
					<trkpt lat="50.744380" lon="2.902890">
						<ele>28</ele>
						<time>2026-07-24T22:49:10Z</time>
					</trkpt>
					<trkpt lat="50.744300" lon="2.903040">
						<ele>28</ele>
						<time>2026-07-24T22:49:12Z</time>
					</trkpt>
					<trkpt lat="50.743290" lon="2.903700">
						<ele>26</ele>
						<time>2026-07-24T22:49:32Z</time>
					</trkpt>
					<trkpt lat="50.743030" lon="2.903930">
						<ele>26</ele>
						<time>2026-07-24T22:49:37Z</time>
					</trkpt>
					<trkpt lat="50.742830" lon="2.904520">
						<ele>26</ele>
						<time>2026-07-24T22:49:45Z</time>
					</trkpt>
					<trkpt lat="50.742650" lon="2.905330">
						<ele>27</ele>
						<time>2026-07-24T22:49:54Z</time>
					</trkpt>
					<trkpt lat="50.742590" lon="2.905710">
						<ele>28</ele>
						<time>2026-07-24T22:49:59Z</time>
					</trkpt>
					<trkpt lat="50.742520" lon="2.907020">
						<ele>28</ele>
						<time>2026-07-24T22:50:14Z</time>
					</trkpt>
					<trkpt lat="50.742530" lon="2.907460">
						<ele>29</ele>
						<time>2026-07-24T22:50:19Z</time>
					</trkpt>
					<trkpt lat="50.742330" lon="2.907580">
						<ele>28</ele>
						<time>2026-07-24T22:50:22Z</time>
					</trkpt>
					<trkpt lat="50.741850" lon="2.907790">
						<ele>24</ele>
						<time>2026-07-24T22:50:31Z</time>
					</trkpt>
					<trkpt lat="50.741500" lon="2.907890">
						<ele>22</ele>
						<time>2026-07-24T22:50:38Z</time>
					</trkpt>
					<trkpt lat="50.741140" lon="2.907900">
						<ele>21</ele>
						<time>2026-07-24T22:50:44Z</time>
					</trkpt>
					<trkpt lat="50.740360" lon="2.907770">
						<ele>19</ele>
						<time>2026-07-24T22:50:58Z</time>
					</trkpt>
					<trkpt lat="50.740130" lon="2.907820">
						<ele>18</ele>
						<time>2026-07-24T22:51:02Z</time>
					</trkpt>
					<trkpt lat="50.738030" lon="2.908660">
						<ele>23</ele>
						<time>2026-07-24T22:51:41Z</time>
					</trkpt>
					<trkpt lat="50.736900" lon="2.909220">
						<ele>21</ele>
						<time>2026-07-24T22:52:02Z</time>
					</trkpt>
					<trkpt lat="50.736840" lon="2.909050">
						<ele>22</ele>
						<time>2026-07-24T22:52:04Z</time>
					</trkpt>
					<trkpt lat="50.736720" lon="2.908920">
						<ele>23</ele>
						<time>2026-07-24T22:52:06Z</time>
					</trkpt>
					<trkpt lat="50.736530" lon="2.908950">
						<ele>23</ele>
						<time>2026-07-24T22:52:10Z</time>
					</trkpt>
					<trkpt lat="50.735510" lon="2.909360">
						<ele>22</ele>
						<time>2026-07-24T22:52:29Z</time>
					</trkpt>
					<trkpt lat="50.735300" lon="2.909490">
						<ele>21</ele>
						<time>2026-07-24T22:52:33Z</time>
					</trkpt>
					<trkpt lat="50.734080" lon="2.910530">
						<ele>18</ele>
						<time>2026-07-24T22:52:57Z</time>
					</trkpt>
					<trkpt lat="50.732460" lon="2.911650">
						<ele>17</ele>
						<time>2026-07-24T22:53:29Z</time>
					</trkpt>
					<trkpt lat="50.732210" lon="2.911900">
						<ele>17</ele>
						<time>2026-07-24T22:53:34Z</time>
					</trkpt>
					<trkpt lat="50.731890" lon="2.912170">
						<ele>17</ele>
						<time>2026-07-24T22:53:40Z</time>
					</trkpt>
					<trkpt lat="50.731400" lon="2.912230">
						<ele>17</ele>
						<time>2026-07-24T22:53:49Z</time>
					</trkpt>
					<trkpt lat="50.730220" lon="2.912310">
						<ele>18</ele>
						<time>2026-07-24T22:54:10Z</time>
					</trkpt>
					<trkpt lat="50.729900" lon="2.910260">
						<ele>16</ele>
						<time>2026-07-24T22:54:34Z</time>
					</trkpt>
					<trkpt lat="50.729830" lon="2.908960">
						<ele>16</ele>
						<time>2026-07-24T22:54:49Z</time>
					</trkpt>
					<trkpt lat="50.729730" lon="2.908420">
						<ele>17</ele>
						<time>2026-07-24T22:54:55Z</time>
					</trkpt>
					<trkpt lat="50.728820" lon="2.904910">
						<ele>17</ele>
						<time>2026-07-24T22:55:38Z</time>
					</trkpt>
					<trkpt lat="50.728720" lon="2.904640">
						<ele>17</ele>
						<time>2026-07-24T22:55:41Z</time>
					</trkpt>
					<trkpt lat="50.727780" lon="2.903360">
						<ele>17</ele>
						<time>2026-07-24T22:56:03Z</time>
					</trkpt>
					<trkpt lat="50.727710" lon="2.903160">
						<ele>17</ele>
						<time>2026-07-24T22:56:06Z</time>
					</trkpt>
					<trkpt lat="50.727470" lon="2.900240">
						<ele>17</ele>
						<time>2026-07-24T22:56:39Z</time>
					</trkpt>
					<trkpt lat="50.727380" lon="2.899940">
						<ele>17</ele>
						<time>2026-07-24T22:56:43Z</time>
					</trkpt>
					<trkpt lat="50.726650" lon="2.897930">
						<ele>15</ele>
						<time>2026-07-24T22:57:09Z</time>
					</trkpt>
					<trkpt lat="50.726420" lon="2.897580">
						<ele>16</ele>
						<time>2026-07-24T22:57:15Z</time>
					</trkpt>
					<trkpt lat="50.726140" lon="2.897320">
						<ele>15</ele>
						<time>2026-07-24T22:57:20Z</time>
					</trkpt>
					<trkpt lat="50.726110" lon="2.897220">
						<ele>15</ele>
						<time>2026-07-24T22:57:22Z</time>
					</trkpt>
					<trkpt lat="50.726090" lon="2.896400">
						<ele>16</ele>
						<time>2026-07-24T22:57:31Z</time>
					</trkpt>
					<trkpt lat="50.725990" lon="2.895620">
						<ele>16</ele>
						<time>2026-07-24T22:57:40Z</time>
					</trkpt>
					<trkpt lat="50.725950" lon="2.895480">
						<ele>16</ele>
						<time>2026-07-24T22:57:42Z</time>
					</trkpt>
					<trkpt lat="50.725220" lon="2.895150">
						<ele>16</ele>
						<time>2026-07-24T22:57:55Z</time>
					</trkpt>
					<trkpt lat="50.725160" lon="2.895090">
						<ele>17</ele>
						<time>2026-07-24T22:57:56Z</time>
					</trkpt>
					<trkpt lat="50.724660" lon="2.894080">
						<ele>18</ele>
						<time>2026-07-24T22:58:11Z</time>
					</trkpt>
					<trkpt lat="50.723630" lon="2.892250">
						<ele>17</ele>
						<time>2026-07-24T22:58:38Z</time>
					</trkpt>
					<trkpt lat="50.723260" lon="2.891520">
						<ele>17</ele>
						<time>2026-07-24T22:58:49Z</time>
					</trkpt>
					<trkpt lat="50.722750" lon="2.890720">
						<ele>16</ele>
						<time>2026-07-24T22:59:02Z</time>
					</trkpt>
					<trkpt lat="50.722200" lon="2.889640">
						<ele>16</ele>
						<time>2026-07-24T22:59:17Z</time>
					</trkpt>
					<trkpt lat="50.722060" lon="2.889420">
						<ele>16</ele>
						<time>2026-07-24T22:59:21Z</time>
					</trkpt>
					<trkpt lat="50.721980" lon="2.889370">
						<ele>16</ele>
						<time>2026-07-24T22:59:22Z</time>
					</trkpt>
					<trkpt lat="50.721830" lon="2.889410">
						<ele>16</ele>
						<time>2026-07-24T22:59:25Z</time>
					</trkpt>
					<trkpt lat="50.721360" lon="2.889880">
						<ele>16</ele>
						<time>2026-07-24T22:59:35Z</time>
					</trkpt>
					<trkpt lat="50.721250" lon="2.889930">
						<ele>16</ele>
						<time>2026-07-24T22:59:37Z</time>
					</trkpt>
					<trkpt lat="50.721130" lon="2.889940">
						<ele>17</ele>
						<time>2026-07-24T22:59:39Z</time>
					</trkpt>
					<trkpt lat="50.720290" lon="2.890800">
						<ele>17</ele>
						<time>2026-07-24T22:59:57Z</time>
					</trkpt>
					<trkpt lat="50.720130" lon="2.891120">
						<ele>17</ele>
						<time>2026-07-24T23:00:02Z</time>
					</trkpt>
					<trkpt lat="50.720020" lon="2.891570">
						<ele>17</ele>
						<time>2026-07-24T23:00:07Z</time>
					</trkpt>
					<trkpt lat="50.719890" lon="2.891730">
						<ele>17</ele>
						<time>2026-07-24T23:00:10Z</time>
					</trkpt>
					<trkpt lat="50.719720" lon="2.891780">
						<ele>17</ele>
						<time>2026-07-24T23:00:13Z</time>
					</trkpt>
					<trkpt lat="50.719240" lon="2.891700">
						<ele>16</ele>
						<time>2026-07-24T23:00:22Z</time>
					</trkpt>
					<trkpt lat="50.719050" lon="2.891770">
						<ele>16</ele>
						<time>2026-07-24T23:00:25Z</time>
					</trkpt>
					<trkpt lat="50.718920" lon="2.891910">
						<ele>16</ele>
						<time>2026-07-24T23:00:28Z</time>
					</trkpt>
					<trkpt lat="50.718720" lon="2.892190">
						<ele>16</ele>
						<time>2026-07-24T23:00:33Z</time>
					</trkpt>
					<trkpt lat="50.717910" lon="2.893520">
						<ele>16</ele>
						<time>2026-07-24T23:00:53Z</time>
					</trkpt>
					<trkpt lat="50.717220" lon="2.894510">
						<ele>17</ele>
						<time>2026-07-24T23:01:10Z</time>
					</trkpt>
					<trkpt lat="50.718150" lon="2.896490">
						<ele>18</ele>
						<time>2026-07-24T23:01:38Z</time>
					</trkpt>
					<trkpt lat="50.718320" lon="2.896940">
						<ele>18</ele>
						<time>2026-07-24T23:01:44Z</time>
					</trkpt>
					<trkpt lat="50.719440" lon="2.900420">
						<ele>15</ele>
						<time>2026-07-24T23:02:28Z</time>
					</trkpt>
					<trkpt lat="50.719640" lon="2.901140">
						<ele>15</ele>
						<time>2026-07-24T23:02:36Z</time>
					</trkpt>
					<trkpt lat="50.719830" lon="2.902170">
						<ele>15</ele>
						<time>2026-07-24T23:02:49Z</time>
					</trkpt>
					<trkpt lat="50.720350" lon="2.905780">
						<ele>16</ele>
						<time>2026-07-24T23:03:30Z</time>
					</trkpt>
					<trkpt lat="50.720440" lon="2.907160">
						<ele>20</ele>
						<time>2026-07-24T23:03:46Z</time>
					</trkpt>
					<trkpt lat="50.720630" lon="2.909150">
						<ele>16</ele>
						<time>2026-07-24T23:04:09Z</time>
					</trkpt>
					<trkpt lat="50.720740" lon="2.909730">
						<ele>17</ele>
						<time>2026-07-24T23:04:15Z</time>
					</trkpt>
					<trkpt lat="50.720910" lon="2.910370">
						<ele>17</ele>
						<time>2026-07-24T23:04:23Z</time>
					</trkpt>
					<trkpt lat="50.721120" lon="2.910950">
						<ele>16</ele>
						<time>2026-07-24T23:04:31Z</time>
					</trkpt>
					<trkpt lat="50.721870" lon="2.912710">
						<ele>16</ele>
						<time>2026-07-24T23:04:55Z</time>
					</trkpt>
					<trkpt lat="50.720780" lon="2.912830">
						<ele>14</ele>
						<time>2026-07-24T23:05:14Z</time>
					</trkpt>
					<trkpt lat="50.720150" lon="2.912940">
						<ele>16</ele>
						<time>2026-07-24T23:05:25Z</time>
					</trkpt>
					<trkpt lat="50.717820" lon="2.913410">
						<ele>16</ele>
						<time>2026-07-24T23:06:07Z</time>
					</trkpt>
					<trkpt lat="50.716070" lon="2.913790">
						<ele>16</ele>
						<time>2026-07-24T23:06:39Z</time>
					</trkpt>
					<trkpt lat="50.714940" lon="2.913880">
						<ele>17</ele>
						<time>2026-07-24T23:06:59Z</time>
					</trkpt>
					<trkpt lat="50.713920" lon="2.913920">
						<ele>19</ele>
						<time>2026-07-24T23:07:17Z</time>
					</trkpt>
					<trkpt lat="50.713510" lon="2.914080">
						<ele>18</ele>
						<time>2026-07-24T23:07:24Z</time>
					</trkpt>
					<trkpt lat="50.713350" lon="2.914200">
						<ele>18</ele>
						<time>2026-07-24T23:07:27Z</time>
					</trkpt>
					<trkpt lat="50.712290" lon="2.913280">
						<ele>17</ele>
						<time>2026-07-24T23:07:49Z</time>
					</trkpt>
					<trkpt lat="50.712160" lon="2.913240">
						<ele>17</ele>
						<time>2026-07-24T23:07:51Z</time>
					</trkpt>
					<trkpt lat="50.712200" lon="2.913070">
						<ele>17</ele>
						<time>2026-07-24T23:07:53Z</time>
					</trkpt>
					<trkpt lat="50.711510" lon="2.912500">
						<ele>18</ele>
						<time>2026-07-24T23:08:07Z</time>
					</trkpt>
					<trkpt lat="50.711420" lon="2.912510">
						<ele>17</ele>
						<time>2026-07-24T23:08:09Z</time>
					</trkpt>
					<trkpt lat="50.711270" lon="2.912110">
						<ele>17</ele>
						<time>2026-07-24T23:08:14Z</time>
					</trkpt>
					<trkpt lat="50.711070" lon="2.911090">
						<ele>18</ele>
						<time>2026-07-24T23:08:26Z</time>
					</trkpt>
					<trkpt lat="50.710940" lon="2.910580">
						<ele>18</ele>
						<time>2026-07-24T23:08:32Z</time>
					</trkpt>
					<trkpt lat="50.710510" lon="2.908550">
						<ele>18</ele>
						<time>2026-07-24T23:08:56Z</time>
					</trkpt>
					<trkpt lat="50.710180" lon="2.906540">
						<ele>16</ele>
						<time>2026-07-24T23:09:20Z</time>
					</trkpt>
					<trkpt lat="50.708600" lon="2.907680">
						<ele>16</ele>
						<time>2026-07-24T23:09:51Z</time>
					</trkpt>
					<trkpt lat="50.708000" lon="2.908050">
						<ele>16</ele>
						<time>2026-07-24T23:10:02Z</time>
					</trkpt>
					<trkpt lat="50.707250" lon="2.908570">
						<ele>16</ele>
						<time>2026-07-24T23:10:17Z</time>
					</trkpt>
					<trkpt lat="50.707190" lon="2.908640">
						<ele>15</ele>
						<time>2026-07-24T23:10:18Z</time>
					</trkpt>
					<trkpt lat="50.707030" lon="2.908950">
						<ele>15</ele>
						<time>2026-07-24T23:10:23Z</time>
					</trkpt>
					<trkpt lat="50.705280" lon="2.910710">
						<ele>15</ele>
						<time>2026-07-24T23:11:00Z</time>
					</trkpt>
					<trkpt lat="50.704360" lon="2.911580">
						<ele>12</ele>
						<time>2026-07-24T23:11:19Z</time>
					</trkpt>
					<trkpt lat="50.704120" lon="2.910850">
						<ele>12</ele>
						<time>2026-07-24T23:11:28Z</time>
					</trkpt>
					<trkpt lat="50.703890" lon="2.910430">
						<ele>13</ele>
						<time>2026-07-24T23:11:34Z</time>
					</trkpt>
					<trkpt lat="50.703900" lon="2.910280">
						<ele>13</ele>
						<time>2026-07-24T23:11:36Z</time>
					</trkpt>
					<trkpt lat="50.704040" lon="2.910000">
						<ele>14</ele>
						<time>2026-07-24T23:11:40Z</time>
					</trkpt>
					<trkpt lat="50.703960" lon="2.909510">
						<ele>15</ele>
						<time>2026-07-24T23:11:46Z</time>
					</trkpt>
					<trkpt lat="50.703630" lon="2.908750">
						<ele>15</ele>
						<time>2026-07-24T23:11:56Z</time>
					</trkpt>
					<trkpt lat="50.703490" lon="2.908500">
						<ele>15</ele>
						<time>2026-07-24T23:12:00Z</time>
					</trkpt>
					<trkpt lat="50.703420" lon="2.908420">
						<ele>15</ele>
						<time>2026-07-24T23:12:01Z</time>
					</trkpt>
					<trkpt lat="50.702980" lon="2.908270">
						<ele>15</ele>
						<time>2026-07-24T23:12:09Z</time>
					</trkpt>
					<trkpt lat="50.701920" lon="2.906830">
						<ele>16</ele>
						<time>2026-07-24T23:12:34Z</time>
					</trkpt>
					<trkpt lat="50.701790" lon="2.906720">
						<ele>17</ele>
						<time>2026-07-24T23:12:37Z</time>
					</trkpt>
					<trkpt lat="50.701670" lon="2.906750">
						<ele>17</ele>
						<time>2026-07-24T23:12:39Z</time>
					</trkpt>
					<trkpt lat="50.701420" lon="2.906970">
						<ele>15</ele>
						<time>2026-07-24T23:12:44Z</time>
					</trkpt>
					<trkpt lat="50.701050" lon="2.907430">
						<ele>13</ele>
						<time>2026-07-24T23:12:52Z</time>
					</trkpt>
					<trkpt lat="50.700880" lon="2.907420">
						<ele>13</ele>
						<time>2026-07-24T23:12:55Z</time>
					</trkpt>
					<trkpt lat="50.700640" lon="2.907330">
						<ele>13</ele>
						<time>2026-07-24T23:13:00Z</time>
					</trkpt>
					<trkpt lat="50.700420" lon="2.907330">
						<ele>12</ele>
						<time>2026-07-24T23:13:04Z</time>
					</trkpt>
					<trkpt lat="50.700330" lon="2.907290">
						<ele>12</ele>
						<time>2026-07-24T23:13:05Z</time>
					</trkpt>
					<trkpt lat="50.699110" lon="2.906070">
						<ele>12</ele>
						<time>2026-07-24T23:13:31Z</time>
					</trkpt>
					<trkpt lat="50.698580" lon="2.905490">
						<ele>12</ele>
						<time>2026-07-24T23:13:43Z</time>
					</trkpt>
					<trkpt lat="50.698330" lon="2.905110">
						<ele>13</ele>
						<time>2026-07-24T23:13:49Z</time>
					</trkpt>
					<trkpt lat="50.697290" lon="2.906710">
						<ele>13</ele>
						<time>2026-07-24T23:14:15Z</time>
					</trkpt>
					<trkpt lat="50.696660" lon="2.907600">
						<ele>12</ele>
						<time>2026-07-24T23:14:30Z</time>
					</trkpt>
					<trkpt lat="50.695020" lon="2.910050">
						<ele>14</ele>
						<time>2026-07-24T23:15:10Z</time>
					</trkpt>
					<trkpt lat="50.694870" lon="2.910310">
						<ele>14</ele>
						<time>2026-07-24T23:15:14Z</time>
					</trkpt>
					<trkpt lat="50.694780" lon="2.910650">
						<ele>15</ele>
						<time>2026-07-24T23:15:18Z</time>
					</trkpt>
					<trkpt lat="50.694690" lon="2.911440">
						<ele>16</ele>
						<time>2026-07-24T23:15:27Z</time>
					</trkpt>
					<trkpt lat="50.694610" lon="2.911650">
						<ele>17</ele>
						<time>2026-07-24T23:15:30Z</time>
					</trkpt>
					<trkpt lat="50.694250" lon="2.912430">
						<ele>18</ele>
						<time>2026-07-24T23:15:41Z</time>
					</trkpt>
					<trkpt lat="50.693650" lon="2.913430">
						<ele>18</ele>
						<time>2026-07-24T23:15:56Z</time>
					</trkpt>
					<trkpt lat="50.693990" lon="2.914060">
						<ele>18</ele>
						<time>2026-07-24T23:16:05Z</time>
					</trkpt>
					<trkpt lat="50.693010" lon="2.915640">
						<ele>18</ele>
						<time>2026-07-24T23:16:30Z</time>
					</trkpt>
					</trkseg>
				</trk>
			</gpx>